fiscal_quarter_end,revenue_usd_bn,gross_profit_usd_bn,gross_margin_pct
2019-02-28,5.84,2.86,49.0
2019-05-30,4.79,1.83,38.2
2019-08-29,4.87,1.4,28.7
2019-11-28,5.14,1.37,26.7
2020-02-27,4.8,1.36,28.3
2020-05-28,5.44,1.76,32.4
2020-09-03,6.06,2.07,34.2
2020-12-03,5.77,1.74,30.2
2021-03-04,6.24,1.65,26.4
2021-06-03,7.42,3.13,42.2
2021-09-02,8.27,3.91,47.3
2021-12-02,7.69,3.56,46.3
2022-03-03,7.79,3.68,47.2
2022-06-02,8.64,4.04,46.8
2022-09-01,6.64,2.62,39.5
2022-12-01,4.08,0.89,21.8
2023-03-02,3.69,-1.21,-32.8
2023-06-01,3.75,-0.67,-17.9
2023-08-31,4.01,-0.44,-11.0
2023-11-30,4.73,-0.04,-0.8
2024-02-29,5.82,1.08,18.6
2024-05-30,6.81,1.83,26.9
2024-08-29,7.75,2.74,35.4
2024-11-28,8.71,3.35,38.5
2025-02-27,8.05,2.96,36.8
2025-05-29,9.3,3.51,37.7
2025-08-28,11.32,5.05,44.6
2025-11-27,13.64,7.65,56.1
2026-02-26,23.86,17.76,74.4
2026-05-28,41.46,35.06,84.6
