month,dram_px_contract_ccy,dram_px_krw,implied_krw_per_usd
2019-01-01,173.75,164.96,1120.0
2019-02-01,161.72,153.61,1121.0
2019-03-01,152.29,145.7,1129.0
2019-04-01,136.04,131.31,1139.0
2019-05-01,130.56,130.72,1181.0
2019-06-01,124.46,123.8,1174.0
2019-07-01,107.12,106.52,1173.0
2019-08-01,106.73,109.18,1207.0
2019-09-01,106.73,108.15,1196.0
2019-10-01,100.17,100.36,1182.0
2019-11-01,99.92,98.69,1165.0
2019-12-01,99.74,99.24,1174.0
2020-01-01,98.19,96.73,1162.0
2020-02-01,98.42,99.41,1192.0
2020-03-01,99.28,102.51,1218.0
2020-04-01,106.21,110.11,1223.0
2020-05-01,106.34,110.56,1227.0
2020-06-01,106.34,108.89,1208.0
2020-07-01,100.42,101.88,1197.0
2020-08-01,100.42,100.86,1185.0
2020-09-01,100.42,100.18,1177.0
2020-10-01,94.65,91.69,1143.0
2020-11-01,94.65,89.46,1115.0
2020-12-01,94.65,87.72,1094.0
2021-01-01,97.8,90.84,1096.0
2021-02-01,97.94,92.15,1110.0
2021-03-01,97.94,93.75,1130.0
2021-04-01,115.45,109.36,1118.0
2021-05-01,115.45,109.74,1122.0
2021-06-01,115.45,109.55,1120.0
2021-07-01,123.0,119.08,1142.0
2021-08-01,123.0,120.77,1159.0
2021-09-01,123.0,121.72,1168.0
2021-10-01,116.01,116.13,1181.0
2021-11-01,116.01,116.15,1181.0
2021-12-01,116.01,116.21,1182.0
2022-01-01,103.39,104.47,1192.0
2022-02-01,103.39,104.85,1197.0
2022-03-01,103.39,106.84,1219.0
2022-04-01,102.71,107.13,1231.0
2022-05-01,102.14,109.77,1268.0
2022-06-01,101.67,109.91,1276.0
2022-07-01,90.59,100.25,1306.0
2022-08-01,90.31,100.77,1317.0
2022-09-01,87.77,103.38,1390.0
2022-10-01,71.77,86.66,1425.0
2022-11-01,71.77,82.86,1362.0
2022-12-01,70.92,77.8,1294.0
2023-01-01,61.81,65.24,1245.0
2023-02-01,60.59,65.17,1269.0
2023-03-01,60.18,66.5,1304.0
2023-04-01,50.94,56.91,1318.0
2023-05-01,50.86,57.18,1327.0
2023-06-01,50.06,54.93,1295.0
2023-07-01,49.53,53.92,1285.0
2023-08-01,49.51,55.24,1317.0
2023-09-01,49.51,55.7,1328.0
2023-10-01,53.57,61.24,1349.0
2023-11-01,54.25,60.16,1309.0
2023-12-01,55.27,61.0,1302.0
2024-01-01,63.36,70.98,1322.0
2024-02-01,64.22,72.38,1330.0
2024-03-01,64.83,73.02,1329.0
2024-04-01,73.25,84.8,1366.0
2024-05-01,73.32,84.74,1364.0
2024-06-01,73.61,85.99,1378.0
2024-07-01,77.96,91.28,1382.0
2024-08-01,77.86,89.24,1352.0
2024-09-01,76.63,86.57,1333.0
2024-10-01,75.26,86.7,1359.0
2024-11-01,74.03,87.32,1392.0
2024-12-01,73.99,89.83,1433.0
2025-01-01,72.77,89.66,1454.0
2025-02-01,70.7,86.5,1444.0
2025-03-01,71.44,88.1,1455.0
2025-04-01,72.36,88.46,1443.0
2025-05-01,74.63,88.08,1393.0
2025-06-01,74.72,86.45,1365.0
2025-07-01,80.81,94.06,1373.0
2025-08-01,80.98,95.25,1388.0
2025-09-01,83.16,97.98,1390.0
2025-10-01,97.3,117.22,1422.0
2025-11-01,109.03,134.53,1456.0
2025-12-01,111.22,138.14,1466.0
2026-01-01,147.44,181.78,1455.0
2026-02-01,157.62,193.35,1447.0
2026-03-01,187.19,235.54,1485.0
2026-04-01,233.82,294.36,1486.0
2026-05-01,251.21,316.85,1488.0
2026-06-01,252.74,326.71,1525.0
2026-07-01,274.79,348.29,1496.0
2026-08-01,282.77,336.59,1405.0
