month,country,dram,flash,mco,multichip_mcp,other,total_memory
2019-01-01,CN,1155.8,358.5,52.9,174.4,2.2,1743.9
2019-01-01,HK,58.8,21.0,473.5,505.7,1.4,1060.4
2019-01-01,JP,10.2,0.2,5.3,20.2,0.0,35.8
2019-01-01,MY,6.0,0.0,0.2,0.7,0.0,7.0
2019-01-01,PH,276.4,8.1,0.0,2.3,0.0,286.8
2019-01-01,SG,9.2,1.1,0.3,2.0,0.3,12.9
2019-01-01,TW,88.0,11.0,0.8,167.6,0.0,267.5
2019-01-01,US,31.0,0.1,1.6,12.9,0.0,45.6
2019-01-01,VN,14.2,3.2,100.0,239.6,6.1,363.1
2019-02-01,CN,993.0,315.0,87.3,195.3,1.4,1592.0
2019-02-01,HK,68.2,33.3,601.8,563.0,1.7,1268.0
2019-02-01,JP,12.5,0.1,7.6,17.0,0.0,37.1
2019-02-01,MY,4.0,0.0,0.7,0.6,0.0,5.3
2019-02-01,PH,144.0,2.8,0.0,7.5,0.0,154.2
2019-02-01,SG,10.0,0.8,0.5,0.6,0.3,12.1
2019-02-01,TW,64.2,8.2,1.1,75.0,0.0,148.4
2019-02-01,US,36.2,0.0,0.5,11.3,0.0,48.1
2019-02-01,VN,26.4,2.6,113.7,239.6,5.7,388.0
2019-03-01,CN,1401.4,484.5,112.9,509.0,2.6,2510.4
2019-03-01,HK,84.4,70.6,891.9,968.0,1.9,2016.7
2019-03-01,JP,7.8,0.1,6.8,13.8,0.0,28.5
2019-03-01,MY,4.5,0.1,1.9,0.2,0.0,6.8
2019-03-01,PH,148.8,2.3,0.0,14.1,0.0,165.2
2019-03-01,SG,7.0,1.0,0.1,0.4,0.3,8.8
2019-03-01,TW,50.1,17.6,1.0,27.6,0.0,96.3
2019-03-01,US,14.4,0.1,0.9,9.1,0.0,24.5
2019-03-01,VN,51.4,2.9,89.9,258.3,5.8,408.3
2019-04-01,CN,1575.0,548.2,133.6,667.0,2.0,2925.8
2019-04-01,HK,48.5,80.8,514.9,682.8,1.6,1328.6
2019-04-01,JP,6.6,0.1,4.0,16.3,0.0,26.9
2019-04-01,MY,3.4,0.4,2.0,0.6,0.0,6.4
2019-04-01,PH,160.3,3.3,0.0,4.4,0.0,168.1
2019-04-01,SG,5.3,2.6,0.0,0.8,0.0,8.7
2019-04-01,TW,37.5,27.8,1.0,42.0,0.0,108.3
2019-04-01,US,6.6,0.0,1.3,7.5,0.0,15.5
2019-04-01,VN,37.4,2.8,84.6,112.5,6.3,243.6
2019-05-01,CN,1146.3,386.8,68.9,299.2,1.9,1903.1
2019-05-01,HK,45.0,50.1,696.2,760.6,1.1,1553.0
2019-05-01,JP,19.1,0.1,7.8,15.9,0.0,42.8
2019-05-01,MY,1.5,0.7,2.2,1.0,0.0,5.4
2019-05-01,PH,157.7,13.8,0.0,11.3,0.0,182.8
2019-05-01,SG,5.2,4.9,0.7,0.5,0.0,11.4
2019-05-01,TW,41.7,4.7,0.9,102.5,0.0,149.9
2019-05-01,US,6.9,0.0,1.2,7.3,0.0,15.5
2019-05-01,VN,20.4,2.1,127.4,175.0,6.3,331.1
2019-06-01,CN,1241.9,343.0,102.5,716.6,2.1,2406.1
2019-06-01,HK,49.9,54.5,673.8,756.5,1.0,1535.7
2019-06-01,JP,11.8,0.9,5.5,17.9,0.0,36.2
2019-06-01,MY,3.3,0.5,1.5,0.5,0.0,5.8
2019-06-01,PH,155.9,8.5,0.0,4.8,0.0,169.1
2019-06-01,SG,8.5,1.5,0.1,2.7,0.0,12.8
2019-06-01,TW,77.0,19.0,1.0,172.4,0.0,269.5
2019-06-01,US,23.4,0.0,0.8,8.2,0.0,32.4
2019-06-01,VN,9.3,2.0,117.5,240.4,7.1,376.3
2019-07-01,CN,1213.1,404.9,103.5,415.4,2.0,2139.0
2019-07-01,HK,51.7,60.7,403.3,588.8,1.1,1105.6
2019-07-01,JP,17.1,0.1,5.9,15.1,0.0,38.1
2019-07-01,MY,3.3,0.0,2.1,0.4,0.0,5.8
2019-07-01,PH,164.6,2.5,0.0,10.6,0.0,177.7
2019-07-01,SG,17.9,1.0,0.7,3.6,0.0,23.2
2019-07-01,TW,37.3,18.8,1.8,92.9,0.0,150.8
2019-07-01,US,8.2,0.0,1.6,14.4,0.0,24.2
2019-07-01,VN,2.9,2.9,60.3,212.8,8.7,287.6
2019-08-01,CN,1174.8,369.5,85.3,571.9,2.2,2203.7
2019-08-01,HK,65.4,68.2,453.8,724.1,1.2,1312.7
2019-08-01,JP,19.7,0.1,4.0,10.6,0.1,34.5
2019-08-01,MY,2.1,0.0,2.1,1.5,0.0,5.8
2019-08-01,PH,134.6,13.4,0.0,8.8,0.0,156.8
2019-08-01,SG,6.4,1.6,1.0,0.8,0.0,9.8
2019-08-01,TW,40.1,12.5,1.8,102.3,0.0,156.7
2019-08-01,US,17.2,0.0,0.6,25.3,0.0,43.2
2019-08-01,VN,3.6,4.0,82.5,228.3,9.3,327.7
2019-09-01,CN,1112.0,326.3,98.4,685.2,2.3,2224.2
2019-09-01,HK,66.9,39.9,647.4,770.3,0.7,1525.3
2019-09-01,JP,18.9,0.6,7.1,22.8,0.0,49.4
2019-09-01,MY,3.4,0.1,2.3,1.2,0.0,7.0
2019-09-01,PH,140.0,11.1,0.0,4.8,0.0,155.9
2019-09-01,SG,11.7,1.0,2.3,0.8,0.0,15.8
2019-09-01,TW,38.5,3.3,1.4,178.3,0.0,221.6
2019-09-01,US,22.2,0.0,0.3,16.9,0.0,39.4
2019-09-01,VN,4.1,4.5,84.3,188.3,10.7,291.8
2019-10-01,CN,1109.2,451.8,71.7,464.7,2.7,2100.1
2019-10-01,HK,70.7,18.8,469.7,572.6,1.4,1133.1
2019-10-01,JP,14.0,0.3,4.0,13.1,0.0,31.4
2019-10-01,MY,2.5,0.0,2.1,2.0,0.0,6.7
2019-10-01,PH,128.6,19.5,0.0,8.9,0.0,156.9
2019-10-01,SG,10.2,0.5,0.0,1.5,0.0,12.2
2019-10-01,TW,40.1,8.6,1.1,330.3,0.0,380.1
2019-10-01,US,18.9,0.0,0.8,6.2,0.0,26.0
2019-10-01,VN,3.1,5.5,44.3,123.5,8.3,184.7
2019-11-01,CN,1095.3,391.4,67.2,565.9,2.0,2121.8
2019-11-01,HK,59.5,23.3,495.6,588.4,1.5,1168.4
2019-11-01,JP,9.6,0.1,3.7,27.5,0.0,40.9
2019-11-01,MY,3.6,0.0,0.3,2.1,0.0,6.1
2019-11-01,PH,117.9,8.1,0.0,4.2,0.0,130.1
2019-11-01,SG,12.5,0.1,0.0,2.3,0.0,14.9
2019-11-01,TW,47.8,9.4,0.3,76.1,0.0,133.6
2019-11-01,US,22.5,0.1,0.7,4.7,0.2,28.1
2019-11-01,VN,4.5,5.6,79.8,166.7,5.4,261.9
2019-12-01,CN,990.5,337.5,69.2,656.4,2.2,2055.7
2019-12-01,HK,67.0,17.3,389.2,838.5,1.2,1313.1
2019-12-01,JP,17.1,0.1,3.3,34.3,0.0,54.8
2019-12-01,MY,5.6,0.0,0.1,1.2,0.0,6.9
2019-12-01,PH,117.5,5.2,0.0,1.0,0.0,123.7
2019-12-01,SG,13.1,0.6,0.0,2.6,0.3,16.6
2019-12-01,TW,60.0,6.6,0.3,57.4,0.0,124.2
2019-12-01,US,22.4,0.0,0.8,8.5,0.1,31.8
2019-12-01,VN,2.2,4.0,20.3,126.7,5.3,158.5
2020-01-01,CN,954.5,478.1,21.4,446.2,1.4,1901.7
2020-01-01,HK,82.9,49.7,296.6,525.8,0.8,955.8
2020-01-01,JP,8.0,0.1,1.8,17.7,0.0,27.6
2020-01-01,MY,3.7,0.1,0.4,1.0,0.0,5.2
2020-01-01,PH,158.2,11.5,0.0,10.5,0.0,180.3
2020-01-01,SG,12.2,0.6,0.0,1.4,0.0,14.1
2020-01-01,TW,49.6,12.7,0.7,43.0,0.0,106.0
2020-01-01,US,21.5,0.4,1.0,8.6,0.0,31.6
2020-01-01,VN,5.4,4.1,41.0,172.3,5.4,228.3
2020-02-01,CN,1020.8,408.8,52.4,432.5,1.3,1915.8
2020-02-01,HK,103.5,37.0,319.1,704.6,0.7,1165.0
2020-02-01,JP,8.1,0.1,2.0,13.5,0.0,23.7
2020-02-01,MY,2.2,0.0,0.5,1.8,0.0,4.5
2020-02-01,PH,140.5,11.8,0.0,0.6,0.0,152.9
2020-02-01,SG,7.7,3.4,0.5,0.7,0.1,12.4
2020-02-01,TW,50.7,20.8,0.2,96.2,0.0,167.9
2020-02-01,US,17.6,0.1,1.4,6.7,0.0,25.8
2020-02-01,VN,3.3,3.0,36.8,182.3,4.3,229.7
2020-03-01,CN,1102.7,396.1,43.9,676.1,1.5,2220.4
2020-03-01,HK,117.1,49.8,365.7,981.0,1.4,1515.0
2020-03-01,JP,9.4,0.1,2.7,32.1,0.0,44.4
2020-03-01,MY,2.5,0.0,0.6,0.8,0.0,3.9
2020-03-01,PH,153.7,12.1,0.0,1.1,0.0,166.9
2020-03-01,SG,11.8,0.5,0.1,0.6,0.3,13.2
2020-03-01,TW,77.1,16.7,3.4,74.3,0.0,171.5
2020-03-01,US,29.9,0.1,1.2,8.6,0.1,39.9
2020-03-01,VN,8.6,3.3,40.1,195.9,5.4,253.2
2020-04-01,CN,1183.2,488.1,66.4,581.8,1.9,2321.4
2020-04-01,HK,109.1,30.6,188.6,634.9,1.3,964.4
2020-04-01,JP,8.5,0.1,1.0,20.5,0.1,30.2
2020-04-01,MY,1.6,0.1,0.1,2.2,0.0,4.1
2020-04-01,PH,191.6,0.1,0.0,3.4,0.0,195.1
2020-04-01,SG,8.0,0.0,1.0,0.5,0.0,9.6
2020-04-01,TW,44.1,5.5,0.6,65.2,0.0,115.4
2020-04-01,US,20.0,0.0,2.1,7.3,0.0,29.4
2020-04-01,VN,15.9,2.2,16.5,106.9,2.2,143.7
2020-05-01,CN,1287.3,422.6,76.4,1134.5,1.2,2922.0
2020-05-01,HK,98.7,36.3,238.3,605.9,1.2,980.3
2020-05-01,JP,5.4,0.0,1.8,17.0,0.0,24.3
2020-05-01,MY,3.5,0.1,0.4,0.9,0.0,4.8
2020-05-01,PH,220.9,3.8,0.0,3.2,0.0,227.9
2020-05-01,SG,7.2,0.0,0.8,0.6,0.2,8.8
2020-05-01,TW,51.1,7.3,8.7,88.0,0.0,155.1
2020-05-01,US,24.6,0.0,1.2,6.2,0.0,32.1
2020-05-01,VN,11.3,1.3,10.4,166.5,2.8,192.4
2020-06-01,CN,1299.5,414.7,67.0,764.3,1.3,2546.8
2020-06-01,HK,92.1,44.9,231.7,678.1,1.9,1048.7
2020-06-01,JP,4.5,0.0,1.9,37.1,0.0,43.6
2020-06-01,MY,2.2,0.1,0.2,1.1,0.0,3.5
2020-06-01,PH,174.8,0.8,0.0,5.2,0.0,180.9
2020-06-01,SG,13.6,0.1,14.4,2.1,0.1,30.3
2020-06-01,TW,76.6,5.1,14.2,108.8,0.0,204.7
2020-06-01,US,22.1,0.0,1.6,8.5,0.0,32.2
2020-06-01,VN,26.1,2.3,74.0,194.9,5.0,302.2
2020-07-01,CN,1334.1,436.9,88.7,713.0,2.1,2574.7
2020-07-01,HK,63.2,14.9,159.6,475.2,3.9,716.8
2020-07-01,JP,4.1,0.1,1.9,16.6,0.0,22.7
2020-07-01,MY,2.3,0.2,0.3,1.3,0.0,4.1
2020-07-01,PH,171.1,9.6,0.0,2.4,0.0,183.2
2020-07-01,SG,9.8,0.0,1.2,0.8,0.0,11.9
2020-07-01,TW,32.1,20.7,30.0,129.7,0.0,212.6
2020-07-01,US,27.7,0.0,0.9,11.8,0.0,40.4
2020-07-01,VN,45.0,3.6,53.7,147.8,6.7,256.8
2020-08-01,CN,1290.0,449.5,92.8,804.1,1.5,2637.9
2020-08-01,HK,59.3,23.8,146.5,539.3,4.4,773.3
2020-08-01,JP,4.5,0.0,2.5,21.6,0.0,28.6
2020-08-01,MY,1.8,0.2,0.3,2.1,0.0,4.5
2020-08-01,PH,152.3,15.0,0.0,1.6,0.0,168.9
2020-08-01,SG,4.8,0.4,0.3,1.2,0.0,6.7
2020-08-01,TW,50.5,4.2,23.5,130.8,0.1,209.1
2020-08-01,US,15.9,0.0,1.5,16.4,0.0,33.9
2020-08-01,VN,52.9,3.1,44.5,165.3,4.9,270.7
2020-09-01,CN,1296.6,508.0,27.9,801.4,3.0,2636.8
2020-09-01,HK,119.0,27.3,277.7,873.8,3.8,1301.5
2020-09-01,JP,8.3,0.0,4.4,24.4,0.0,37.1
2020-09-01,MY,2.4,0.1,0.5,5.6,0.0,8.6
2020-09-01,PH,181.2,16.6,0.0,1.8,0.0,199.6
2020-09-01,SG,6.0,0.4,1.5,0.7,0.1,8.8
2020-09-01,TW,45.9,13.3,12.7,207.6,0.0,279.5
2020-09-01,US,12.1,0.0,0.8,20.8,0.0,33.7
2020-09-01,VN,17.0,3.5,30.9,212.7,9.0,273.1
2020-10-01,CN,1311.3,437.3,33.3,547.9,1.9,2331.7
2020-10-01,HK,49.3,32.0,297.1,876.7,1.9,1257.0
2020-10-01,JP,6.3,0.1,4.8,20.4,0.0,31.7
2020-10-01,MY,1.6,0.1,0.4,3.0,0.0,5.1
2020-10-01,PH,201.0,18.2,0.0,3.1,0.0,222.4
2020-10-01,SG,6.2,0.3,1.4,0.3,0.1,8.3
2020-10-01,TW,63.3,6.2,3.8,231.8,0.0,305.1
2020-10-01,US,21.4,0.0,1.6,21.2,0.0,44.3
2020-10-01,VN,21.8,3.0,44.9,169.5,8.2,247.4
2020-11-01,CN,1198.6,381.6,29.0,469.9,3.5,2082.7
2020-11-01,HK,52.9,67.3,282.9,926.5,1.1,1330.6
2020-11-01,JP,7.9,0.0,3.6,26.7,0.0,38.2
2020-11-01,MY,1.8,0.2,0.5,0.5,0.0,2.9
2020-11-01,PH,170.6,14.1,0.0,1.5,0.0,186.3
2020-11-01,SG,2.4,0.3,1.2,0.2,0.0,4.2
2020-11-01,TW,56.0,21.6,1.2,220.4,0.0,299.3
2020-11-01,US,14.1,0.0,1.5,7.7,0.0,23.3
2020-11-01,VN,11.4,2.6,25.4,210.5,9.2,259.1
2020-12-01,CN,1067.1,534.9,46.5,625.0,2.4,2275.9
2020-12-01,HK,49.0,95.8,313.1,1206.5,1.4,1665.8
2020-12-01,JP,8.2,0.1,5.5,20.0,0.0,33.8
2020-12-01,MY,2.1,0.1,0.4,0.9,0.0,3.6
2020-12-01,PH,120.2,13.6,0.0,3.4,0.0,137.1
2020-12-01,SG,3.0,0.2,0.4,0.4,0.0,4.1
2020-12-01,TW,66.3,21.8,4.9,179.7,0.2,272.9
2020-12-01,US,6.7,0.0,2.4,18.1,0.1,27.3
2020-12-01,VN,8.4,3.9,8.7,266.1,8.6,295.6
2021-01-01,CN,1160.9,391.1,30.8,667.9,3.4,2254.1
2021-01-01,HK,52.9,52.6,267.5,725.3,1.9,1100.1
2021-01-01,JP,8.7,0.1,2.9,29.8,0.0,41.6
2021-01-01,MY,1.8,0.2,0.2,3.2,0.0,5.4
2021-01-01,PH,156.5,10.3,0.0,5.9,0.0,172.7
2021-01-01,SG,3.3,0.2,2.9,0.8,0.0,7.2
2021-01-01,TW,54.7,16.4,5.9,223.5,0.0,300.6
2021-01-01,US,13.3,0.0,1.0,16.8,0.0,31.1
2021-01-01,VN,11.4,2.1,15.8,280.9,5.4,315.6
2021-02-01,CN,1159.2,357.2,13.2,540.1,3.4,2073.2
2021-02-01,HK,45.0,54.1,276.8,877.7,1.8,1255.3
2021-02-01,JP,10.0,0.1,3.6,19.0,0.0,32.7
2021-02-01,MY,1.0,0.3,0.4,4.1,0.0,5.8
2021-02-01,PH,195.0,11.5,0.0,0.2,0.0,206.7
2021-02-01,SG,3.1,0.2,1.5,0.7,0.0,5.5
2021-02-01,TW,57.9,20.8,6.5,232.3,0.0,317.6
2021-02-01,US,16.1,0.0,1.5,16.1,0.0,33.7
2021-02-01,VN,13.5,3.5,12.9,303.0,4.7,337.6
2021-03-01,CN,1254.8,329.6,16.6,773.7,6.2,2380.9
2021-03-01,HK,94.8,70.0,366.8,1072.8,2.0,1606.4
2021-03-01,JP,6.9,0.0,3.5,27.1,0.0,37.6
2021-03-01,MY,3.2,0.4,0.6,3.0,0.0,7.2
2021-03-01,PH,190.4,0.9,0.0,2.8,0.0,194.0
2021-03-01,SG,5.2,0.2,1.1,0.4,0.0,6.8
2021-03-01,TW,85.4,23.8,4.7,232.8,0.0,346.7
2021-03-01,US,15.2,0.0,2.1,13.1,0.0,30.5
2021-03-01,VN,78.8,3.3,15.6,307.2,3.0,407.8
2021-04-01,CN,1290.8,425.5,8.7,606.1,4.3,2335.5
2021-04-01,HK,106.8,36.6,291.8,989.3,4.5,1429.0
2021-04-01,JP,11.0,0.0,6.5,29.0,0.0,46.6
2021-04-01,MY,1.8,0.4,0.3,4.0,0.0,6.5
2021-04-01,PH,199.4,1.1,0.0,0.7,0.0,201.2
2021-04-01,SG,7.9,0.2,1.6,0.6,0.0,10.2
2021-04-01,TW,91.5,10.7,13.8,156.9,0.0,273.1
2021-04-01,US,19.2,0.0,1.0,12.5,0.0,32.8
2021-04-01,VN,99.1,4.6,19.3,255.5,4.7,383.2
2021-05-01,CN,1378.3,491.1,15.7,793.2,2.0,2680.3
2021-05-01,HK,87.2,51.3,270.7,1206.0,1.8,1617.0
2021-05-01,JP,16.1,0.0,3.5,36.0,0.0,55.6
2021-05-01,MY,1.4,0.4,0.5,3.3,0.0,5.6
2021-05-01,PH,229.7,3.5,0.0,0.1,0.5,233.9
2021-05-01,SG,4.0,0.1,1.1,0.9,0.0,6.1
2021-05-01,TW,99.8,18.6,11.9,218.4,0.0,348.7
2021-05-01,US,26.2,0.0,1.6,42.1,0.2,70.1
2021-05-01,VN,79.6,3.4,23.8,336.8,5.7,449.3
2021-06-01,CN,1426.5,505.9,17.6,1128.3,3.2,3081.4
2021-06-01,HK,128.1,50.9,278.0,1389.8,2.0,1848.8
2021-06-01,JP,7.6,0.0,5.3,36.7,0.0,49.6
2021-06-01,MY,4.5,0.2,0.4,4.9,0.0,10.0
2021-06-01,PH,225.1,2.3,0.0,0.6,0.0,228.1
2021-06-01,SG,7.0,0.3,1.2,1.7,0.0,10.2
2021-06-01,TW,112.4,15.6,17.0,190.4,0.1,335.3
2021-06-01,US,21.6,0.0,2.2,39.5,0.1,63.4
2021-06-01,VN,194.6,4.3,11.6,280.3,7.6,498.4
2021-07-01,CN,1550.7,436.1,12.1,1136.4,2.6,3137.8
2021-07-01,HK,81.6,26.9,351.9,890.7,2.1,1353.2
2021-07-01,JP,9.8,0.0,2.9,30.5,0.0,43.3
2021-07-01,MY,2.6,0.8,0.4,5.5,0.0,9.3
2021-07-01,PH,297.7,4.2,0.0,0.3,0.3,302.5
2021-07-01,SG,10.3,0.2,0.0,1.4,0.0,11.9
2021-07-01,TW,88.4,8.1,16.0,176.9,0.0,289.5
2021-07-01,US,22.5,0.0,3.3,46.2,0.0,72.1
2021-07-01,VN,189.7,4.5,0.7,267.7,7.6,470.2
2021-08-01,CN,1715.0,445.9,33.4,761.2,3.0,2958.5
2021-08-01,HK,76.8,67.3,356.7,1156.2,1.3,1658.3
2021-08-01,JP,11.5,0.0,2.8,28.4,0.0,42.8
2021-08-01,MY,4.5,0.5,0.3,3.7,0.0,9.0
2021-08-01,PH,340.8,6.4,0.0,0.2,0.0,347.4
2021-08-01,SG,12.1,0.1,0.0,0.8,0.0,13.0
2021-08-01,TW,85.4,23.7,5.6,305.2,0.1,419.9
2021-08-01,US,15.8,0.0,2.5,34.4,0.0,52.8
2021-08-01,VN,279.3,5.4,51.4,357.7,7.1,700.8
2021-09-01,CN,1690.1,482.1,12.1,695.9,3.1,2883.3
2021-09-01,HK,90.7,123.8,402.2,1422.5,1.4,2040.6
2021-09-01,JP,10.9,0.1,2.7,27.4,0.1,41.1
2021-09-01,MY,5.6,0.3,0.2,6.9,0.0,13.1
2021-09-01,PH,312.4,12.8,0.0,0.1,0.0,325.3
2021-09-01,SG,20.0,0.0,0.0,0.9,0.0,21.0
2021-09-01,TW,113.8,21.3,4.3,336.4,0.0,475.8
2021-09-01,US,18.0,0.0,3.3,42.0,0.0,63.4
2021-09-01,VN,277.9,6.2,34.4,353.2,7.7,679.4
2021-10-01,CN,1680.6,583.9,8.0,691.8,2.4,2966.7
2021-10-01,HK,65.1,19.8,316.2,885.6,1.6,1288.3
2021-10-01,JP,15.9,0.0,4.0,33.9,0.3,54.1
2021-10-01,MY,2.8,0.5,0.2,4.1,0.0,7.6
2021-10-01,PH,293.2,9.2,0.0,9.9,0.0,312.3
2021-10-01,SG,8.1,0.0,0.1,1.6,0.0,9.8
2021-10-01,TW,60.3,4.5,2.5,348.7,0.0,416.1
2021-10-01,US,21.4,0.1,2.4,43.4,0.0,67.3
2021-10-01,VN,295.9,4.5,27.0,215.3,6.6,549.2
2021-11-01,CN,1693.2,570.1,19.8,1012.3,4.1,3299.6
2021-11-01,HK,74.0,27.9,195.1,1108.0,1.8,1406.8
2021-11-01,JP,11.9,0.0,3.2,35.7,0.0,50.9
2021-11-01,MY,12.9,0.4,0.5,4.3,0.0,18.1
2021-11-01,PH,256.1,1.1,0.0,2.9,0.0,260.1
2021-11-01,SG,5.8,0.0,0.0,1.0,0.0,6.8
2021-11-01,TW,88.6,6.8,1.5,313.5,0.0,410.4
2021-11-01,US,17.9,0.0,2.4,64.2,0.0,84.6
2021-11-01,VN,261.7,6.7,30.9,319.9,6.0,625.2
2021-12-01,CN,1696.1,438.7,13.3,1236.5,1.3,3385.8
2021-12-01,HK,69.6,118.7,374.4,1160.0,1.4,1724.2
2021-12-01,JP,10.6,0.0,5.4,32.6,0.0,48.7
2021-12-01,MY,9.4,0.4,0.9,4.1,0.0,14.7
2021-12-01,PH,244.7,14.1,0.0,2.0,0.0,260.8
2021-12-01,SG,7.8,0.0,0.0,2.1,0.1,10.1
2021-12-01,TW,93.4,47.6,4.1,288.9,0.0,434.1
2021-12-01,US,19.4,0.0,2.2,48.8,0.0,70.5
2021-12-01,VN,376.5,7.7,58.6,227.0,6.1,675.8
2022-01-01,CN,1452.8,381.1,32.5,1020.8,1.0,2888.2
2022-01-01,HK,55.4,88.0,218.1,652.1,2.1,1015.7
2022-01-01,JP,7.8,0.0,1.2,15.5,0.0,24.5
2022-01-01,MY,6.1,0.4,0.0,2.8,0.0,9.4
2022-01-01,PH,256.3,9.8,0.0,2.9,0.0,269.0
2022-01-01,SG,9.9,0.0,0.0,0.8,0.0,10.8
2022-01-01,TW,80.5,23.4,0.9,177.5,0.1,282.2
2022-01-01,US,12.7,0.0,3.8,43.5,0.1,60.2
2022-01-01,VN,344.7,7.3,51.9,305.6,3.6,713.1
2022-02-01,CN,1401.6,519.8,49.8,731.7,1.9,2704.8
2022-02-01,HK,85.2,69.4,188.9,698.4,1.5,1043.4
2022-02-01,JP,7.3,0.0,0.4,21.1,0.0,28.8
2022-02-01,MY,5.3,0.3,0.0,2.5,0.0,8.0
2022-02-01,PH,265.9,7.2,0.0,1.0,0.0,274.0
2022-02-01,SG,6.9,0.0,0.2,1.3,0.0,8.5
2022-02-01,TW,95.9,13.4,2.0,188.0,0.0,299.3
2022-02-01,US,13.6,0.0,2.7,31.2,0.0,47.6
2022-02-01,VN,239.4,7.8,88.0,309.8,4.0,649.0
2022-03-01,CN,1737.0,604.3,109.2,936.7,2.0,3389.1
2022-03-01,HK,73.9,102.9,202.9,1044.9,2.1,1426.7
2022-03-01,JP,6.9,0.0,1.5,33.5,0.0,41.9
2022-03-01,MY,5.2,0.6,0.0,4.2,0.0,10.1
2022-03-01,PH,214.3,6.6,0.0,1.5,0.0,222.4
2022-03-01,SG,9.2,0.0,0.0,2.0,0.0,11.3
2022-03-01,TW,103.2,7.8,18.3,271.7,0.1,401.2
2022-03-01,US,14.3,0.0,2.2,45.2,0.1,61.9
2022-03-01,VN,266.3,9.0,101.4,508.2,5.1,889.9
2022-04-01,CN,1425.9,625.9,87.8,586.1,1.7,2727.4
2022-04-01,HK,70.3,73.9,131.1,734.7,2.1,1011.9
2022-04-01,JP,9.3,0.0,1.7,30.2,0.0,41.2
2022-04-01,MY,4.8,0.4,0.0,3.5,0.0,8.7
2022-04-01,PH,276.9,14.0,0.0,4.5,0.0,295.4
2022-04-01,SG,3.9,0.0,16.9,2.0,0.2,23.0
2022-04-01,TW,106.4,3.7,8.8,178.9,0.0,297.9
2022-04-01,US,13.6,0.2,3.3,31.9,0.1,49.0
2022-04-01,VN,234.0,15.4,81.2,259.1,5.4,595.0
2022-05-01,CN,1633.7,630.0,36.1,711.2,0.7,3011.7
2022-05-01,HK,69.1,137.1,229.5,918.9,1.9,1356.6
2022-05-01,JP,7.4,0.0,2.9,43.7,0.0,54.0
2022-05-01,MY,8.9,0.6,0.0,9.3,0.0,18.8
2022-05-01,PH,252.7,6.3,0.0,0.4,0.0,259.5
2022-05-01,SG,6.8,0.1,0.1,2.1,0.1,9.2
2022-05-01,TW,123.2,6.7,3.2,298.2,0.1,431.4
2022-05-01,US,8.9,0.0,2.8,25.9,0.0,37.6
2022-05-01,VN,328.5,10.4,37.2,253.1,3.5,632.7
2022-06-01,CN,1525.3,672.6,204.1,722.0,4.9,3129.0
2022-06-01,HK,78.9,72.4,276.4,1127.8,2.7,1558.2
2022-06-01,JP,5.7,0.0,1.9,37.1,0.0,44.7
2022-06-01,MY,15.7,0.5,0.3,4.8,0.0,21.3
2022-06-01,PH,352.2,11.8,0.0,0.1,0.0,364.1
2022-06-01,SG,6.6,0.0,0.4,1.5,0.2,8.8
2022-06-01,TW,113.1,8.9,36.6,281.6,0.1,440.3
2022-06-01,US,11.6,0.1,2.9,22.8,0.0,37.4
2022-06-01,VN,346.8,7.4,37.2,221.4,5.9,618.5
2022-07-01,CN,1647.8,679.7,143.4,830.5,6.8,3308.2
2022-07-01,HK,54.7,13.0,107.4,459.0,2.1,636.1
2022-07-01,JP,3.7,0.1,1.3,20.9,0.0,26.0
2022-07-01,MY,9.2,6.1,0.2,7.7,0.0,23.2
2022-07-01,PH,241.1,12.7,0.0,0.1,0.0,253.9
2022-07-01,SG,3.8,1.1,0.0,6.3,0.0,11.3
2022-07-01,TW,50.8,7.4,0.0,261.0,0.1,319.2
2022-07-01,US,13.3,0.0,3.6,24.5,0.1,41.5
2022-07-01,VN,323.2,7.0,50.9,115.3,6.0,502.5
2022-08-01,CN,1240.9,546.8,33.9,690.4,1.5,2513.5
2022-08-01,HK,90.5,15.3,112.5,623.7,3.6,845.5
2022-08-01,JP,3.1,0.3,1.0,22.0,0.0,26.4
2022-08-01,MY,2.4,15.4,0.1,8.8,0.0,26.8
2022-08-01,PH,177.7,11.5,0.0,3.3,0.0,192.4
2022-08-01,SG,3.9,1.6,0.0,0.6,0.6,6.8
2022-08-01,TW,104.4,14.1,21.5,420.0,0.0,560.2
2022-08-01,US,17.7,0.0,5.0,24.6,0.0,47.3
2022-08-01,VN,338.5,6.2,35.0,136.0,8.5,524.2
2022-09-01,CN,1208.7,523.9,34.5,856.6,0.9,2624.5
2022-09-01,HK,83.3,111.3,227.8,916.1,2.1,1340.6
2022-09-01,JP,8.0,0.2,0.8,21.8,0.0,30.9
2022-09-01,MY,3.9,2.2,0.1,10.5,0.0,16.6
2022-09-01,PH,130.8,4.4,0.0,11.7,0.0,146.9
2022-09-01,SG,7.7,6.5,0.0,0.6,0.0,14.9
2022-09-01,TW,130.1,4.3,0.0,253.7,0.1,388.2
2022-09-01,US,9.8,0.1,5.3,61.4,0.2,76.9
2022-09-01,VN,219.9,8.3,40.6,185.2,10.4,464.3
2022-10-01,CN,872.6,394.5,16.2,524.6,0.9,1808.7
2022-10-01,HK,61.1,148.3,44.1,673.2,1.8,928.5
2022-10-01,JP,3.7,0.0,0.9,28.6,0.1,33.4
2022-10-01,MY,3.2,1.5,0.0,6.0,0.0,10.6
2022-10-01,PH,163.3,5.3,0.0,0.7,0.0,169.2
2022-10-01,SG,0.4,1.7,0.0,4.5,0.0,6.6
2022-10-01,TW,86.6,4.1,0.1,91.1,0.1,182.0
2022-10-01,US,3.3,0.0,2.2,42.9,0.0,48.4
2022-10-01,VN,359.1,6.1,39.6,172.3,8.2,585.4
2022-11-01,CN,852.6,433.9,44.3,406.1,1.1,1738.0
2022-11-01,HK,58.8,52.3,31.7,501.0,1.7,645.5
2022-11-01,JP,4.0,0.0,1.3,11.8,0.0,17.1
2022-11-01,MY,1.9,4.3,0.0,17.6,0.0,23.8
2022-11-01,PH,108.9,2.8,0.0,1.7,0.0,113.4
2022-11-01,SG,0.0,4.1,0.1,1.1,0.5,5.8
2022-11-01,TW,72.8,4.8,0.5,188.7,0.1,267.0
2022-11-01,US,4.3,0.0,4.2,34.8,0.1,43.3
2022-11-01,VN,283.4,8.7,18.5,101.4,11.4,423.4
2022-12-01,CN,861.4,293.4,76.2,651.7,1.2,1884.0
2022-12-01,HK,30.6,25.8,46.9,539.1,1.4,643.9
2022-12-01,JP,5.5,0.0,1.6,18.4,0.0,25.5
2022-12-01,MY,2.3,2.1,0.0,16.0,0.0,20.5
2022-12-01,PH,113.6,2.2,0.0,0.3,0.0,116.1
2022-12-01,SG,27.3,1.4,0.1,20.3,0.2,49.4
2022-12-01,TW,91.1,10.0,0.3,82.1,0.0,183.6
2022-12-01,US,6.4,0.0,1.8,9.5,0.1,17.8
2022-12-01,VN,268.0,6.8,7.5,66.8,5.3,354.4
2023-01-01,CN,527.8,329.8,49.6,320.6,1.6,1229.4
2023-01-01,HK,30.4,11.8,34.2,314.6,1.2,392.2
2023-01-01,JP,2.2,0.1,1.0,15.7,0.0,19.1
2023-01-01,MY,0.6,2.3,0.0,13.6,0.0,16.5
2023-01-01,PH,58.0,3.0,0.0,0.3,0.0,61.3
2023-01-01,SG,1.7,1.4,0.0,0.3,0.3,3.7
2023-01-01,TW,66.5,2.2,0.4,63.9,0.0,133.1
2023-01-01,US,3.7,0.0,1.3,14.0,0.1,19.2
2023-01-01,VN,187.1,8.7,5.2,255.3,3.6,459.8
2023-02-01,CN,635.0,439.1,33.5,388.5,2.6,1498.7
2023-02-01,HK,25.1,29.7,31.5,298.1,1.8,386.3
2023-02-01,JP,3.8,0.3,0.7,20.1,0.0,24.9
2023-02-01,MY,2.7,3.9,0.2,13.3,0.0,20.1
2023-02-01,PH,59.6,4.5,0.0,0.0,0.0,64.1
2023-02-01,SG,0.1,0.6,0.1,0.2,0.0,1.1
2023-02-01,TW,63.2,4.0,0.8,89.6,0.0,157.6
2023-02-01,US,4.7,0.0,0.5,11.0,0.1,16.3
2023-02-01,VN,141.4,6.1,15.1,142.0,3.4,308.0
2023-03-01,CN,702.5,469.5,66.3,315.7,2.9,1556.9
2023-03-01,HK,31.5,136.1,168.2,693.3,2.2,1031.3
2023-03-01,JP,5.7,0.2,1.0,17.6,0.0,24.4
2023-03-01,MY,2.5,2.1,0.4,11.3,0.0,16.3
2023-03-01,PH,78.7,5.8,0.0,0.0,0.0,84.6
2023-03-01,SG,0.5,0.5,0.1,0.3,0.1,1.4
2023-03-01,TW,113.9,7.5,0.4,92.5,0.0,214.3
2023-03-01,US,3.8,0.1,0.4,21.6,0.1,26.0
2023-03-01,VN,179.4,8.9,57.0,288.3,4.3,537.8
2023-04-01,CN,749.0,298.7,31.0,364.5,2.2,1445.4
2023-04-01,HK,37.8,18.0,60.7,386.6,2.1,505.1
2023-04-01,JP,2.8,0.0,1.4,17.9,0.0,22.1
2023-04-01,MY,1.2,3.2,0.0,3.7,0.0,8.1
2023-04-01,PH,79.7,4.9,0.0,0.1,0.0,84.6
2023-04-01,SG,0.4,1.2,0.1,0.3,0.0,2.0
2023-04-01,TW,105.3,3.9,0.2,82.7,0.1,192.2
2023-04-01,US,4.2,0.1,0.3,6.3,0.1,10.9
2023-04-01,VN,169.7,18.1,6.9,84.2,6.1,285.0
2023-05-01,CN,789.9,300.3,2.3,325.3,1.9,1419.7
2023-05-01,HK,48.0,21.4,149.1,690.1,3.3,912.0
2023-05-01,JP,3.8,0.1,0.7,22.3,0.0,27.0
2023-05-01,MY,3.8,4.5,0.6,6.2,0.0,15.2
2023-05-01,PH,79.5,7.7,0.0,0.0,0.0,87.2
2023-05-01,SG,0.0,0.5,0.2,0.1,0.0,0.9
2023-05-01,TW,66.6,5.5,0.7,100.1,0.1,173.0
2023-05-01,US,4.9,0.1,1.0,14.8,0.0,20.9
2023-05-01,VN,183.9,19.0,10.0,58.1,5.9,276.9
2023-06-01,CN,729.2,361.6,52.6,612.3,3.2,1759.0
2023-06-01,HK,34.8,43.2,132.5,1086.7,2.8,1300.1
2023-06-01,JP,3.4,0.1,1.1,26.6,0.0,31.2
2023-06-01,MY,2.7,5.3,0.7,5.3,0.0,14.0
2023-06-01,PH,28.9,6.1,0.0,0.0,0.0,35.1
2023-06-01,SG,0.7,2.7,0.1,3.5,0.1,7.0
2023-06-01,TW,96.5,26.2,0.1,136.6,0.1,259.5
2023-06-01,US,5.1,0.1,1.9,10.5,0.1,17.7
2023-06-01,VN,249.0,17.1,20.0,162.4,4.6,453.2
2023-07-01,CN,835.6,279.5,3.9,445.8,2.2,1567.1
2023-07-01,HK,20.2,19.5,77.6,708.0,4.9,830.2
2023-07-01,JP,3.5,0.2,1.2,20.3,0.0,25.2
2023-07-01,MY,1.7,2.6,0.1,12.3,0.0,16.6
2023-07-01,PH,44.1,4.6,0.0,0.0,0.0,48.6
2023-07-01,SG,0.4,1.9,0.1,3.5,0.0,6.0
2023-07-01,TW,68.7,11.2,0.1,123.4,0.1,203.5
2023-07-01,US,4.2,0.1,1.7,17.3,0.1,23.4
2023-07-01,VN,147.4,27.5,6.4,49.6,6.6,237.5
2023-08-01,CN,834.9,482.6,3.9,346.7,1.9,1670.1
2023-08-01,HK,19.4,24.1,145.5,843.3,3.9,1036.0
2023-08-01,JP,3.0,0.1,0.9,23.8,0.0,27.8
2023-08-01,MY,3.0,3.6,0.8,14.7,0.0,22.1
2023-08-01,PH,92.2,1.6,0.0,0.0,0.0,93.8
2023-08-01,SG,3.2,1.7,0.0,6.2,0.0,11.1
2023-08-01,TW,71.3,20.6,0.1,228.6,0.1,320.6
2023-08-01,US,5.4,0.2,1.5,24.2,0.0,31.2
2023-08-01,VN,233.4,21.7,10.5,94.7,5.8,366.0
2023-09-01,CN,740.8,593.0,26.6,521.2,1.6,1883.2
2023-09-01,HK,68.8,36.4,176.4,1018.7,3.0,1303.3
2023-09-01,JP,4.8,0.0,1.0,28.4,0.0,34.2
2023-09-01,MY,2.7,3.4,0.1,11.0,0.0,17.2
2023-09-01,PH,39.1,5.1,0.0,0.0,0.0,44.2
2023-09-01,SG,3.6,1.9,0.1,32.5,0.0,38.1
2023-09-01,TW,113.0,47.1,2.6,222.0,0.0,384.7
2023-09-01,US,5.0,0.2,3.2,4.7,0.0,13.2
2023-09-01,VN,183.3,17.8,32.6,125.9,7.0,366.6
2023-10-01,CN,797.1,468.3,3.7,368.7,2.1,1639.9
2023-10-01,HK,53.6,22.9,140.4,966.9,5.5,1189.2
2023-10-01,JP,3.5,0.0,1.2,26.7,0.0,31.6
2023-10-01,MY,2.8,3.1,0.1,89.3,0.0,95.3
2023-10-01,PH,47.0,4.3,0.0,0.2,0.0,51.5
2023-10-01,SG,5.6,5.5,0.1,8.4,0.0,19.6
2023-10-01,TW,64.4,27.6,0.0,216.6,0.0,308.6
2023-10-01,US,3.9,0.1,0.4,3.4,0.1,7.9
2023-10-01,VN,143.2,23.8,16.0,75.9,6.5,265.4
2023-11-01,CN,915.7,456.2,4.5,374.0,1.2,1751.7
2023-11-01,HK,69.5,51.1,214.1,1098.5,9.3,1442.5
2023-11-01,JP,2.8,0.0,1.0,22.6,0.0,26.4
2023-11-01,MY,2.1,4.1,0.8,114.1,0.0,121.0
2023-11-01,PH,50.4,2.3,0.0,0.1,0.0,52.8
2023-11-01,SG,1.2,2.8,0.1,1.1,0.0,5.3
2023-11-01,TW,61.8,31.1,0.4,183.3,0.0,276.5
2023-11-01,US,3.3,0.1,0.7,4.2,0.0,8.3
2023-11-01,VN,215.6,21.8,63.6,131.4,8.7,441.0
2023-12-01,CN,918.7,364.7,4.3,450.3,1.4,1739.5
2023-12-01,HK,65.9,185.4,265.3,1360.4,6.0,1883.1
2023-12-01,JP,4.0,0.0,1.2,41.5,0.0,46.7
2023-12-01,MY,1.5,5.5,0.0,78.1,0.0,85.1
2023-12-01,PH,50.6,0.7,0.0,0.1,0.0,51.5
2023-12-01,SG,28.6,7.1,0.1,3.0,0.0,38.9
2023-12-01,TW,96.8,34.0,0.2,247.8,0.1,378.8
2023-12-01,US,6.2,0.2,5.0,4.6,0.1,16.2
2023-12-01,VN,260.6,18.3,273.3,215.4,9.1,776.7
2024-01-01,CN,960.2,729.1,7.7,212.6,1.7,1911.5
2024-01-01,HK,54.8,50.5,234.3,1154.3,8.6,1502.5
2024-01-01,JP,4.0,0.0,1.0,21.0,0.0,26.0
2024-01-01,MY,1.8,5.5,0.0,2.0,0.0,9.3
2024-01-01,PH,70.1,2.5,0.0,1.3,0.0,73.9
2024-01-01,SG,2.6,4.7,0.1,1.6,0.0,9.1
2024-01-01,TW,59.3,29.5,0.3,268.5,0.1,357.7
2024-01-01,US,4.4,0.1,0.7,15.1,0.5,20.7
2024-01-01,VN,232.4,26.2,7.0,198.2,8.6,472.3
2024-02-01,CN,1067.4,779.8,10.0,332.5,1.0,2190.7
2024-02-01,HK,64.1,36.9,279.1,1321.3,2.0,1703.3
2024-02-01,JP,3.3,0.0,1.0,25.5,0.1,29.9
2024-02-01,MY,0.9,4.3,0.0,127.3,0.0,132.5
2024-02-01,PH,57.6,0.7,0.0,1.8,0.1,60.2
2024-02-01,SG,3.3,10.2,0.1,2.2,0.0,15.8
2024-02-01,TW,56.3,26.0,0.6,185.0,0.1,267.9
2024-02-01,US,3.2,0.4,0.7,15.0,0.2,19.5
2024-02-01,VN,216.5,19.6,83.7,169.5,10.6,500.0
2024-03-01,CN,1106.1,662.5,30.5,323.2,1.1,2123.4
2024-03-01,HK,60.0,75.4,289.0,1654.8,2.3,2081.4
2024-03-01,JP,3.3,0.2,1.3,34.9,0.0,39.9
2024-03-01,MY,1.8,4.1,0.6,21.7,0.0,28.2
2024-03-01,PH,52.2,0.3,0.0,0.7,0.0,53.2
2024-03-01,SG,2.6,5.9,0.1,4.7,0.0,13.3
2024-03-01,TW,80.2,41.1,15.0,322.5,0.0,458.8
2024-03-01,US,2.4,0.1,1.8,18.4,0.1,22.8
2024-03-01,VN,298.6,16.7,152.0,179.2,9.2,655.8
2024-04-01,CN,1062.1,518.3,19.8,344.3,1.2,1945.7
2024-04-01,HK,79.7,27.6,294.6,1067.5,3.0,1472.5
2024-04-01,JP,4.5,0.0,0.9,37.1,0.0,42.5
2024-04-01,MY,1.6,6.7,0.0,4.4,0.0,12.7
2024-04-01,PH,95.0,1.4,0.0,0.6,0.2,97.1
2024-04-01,SG,22.2,6.9,0.1,3.7,0.1,33.0
2024-04-01,TW,77.2,27.6,10.2,470.4,0.0,585.6
2024-04-01,US,2.3,0.1,0.7,10.3,0.4,13.8
2024-04-01,VN,229.2,20.1,88.3,118.0,17.4,472.9
2024-05-01,CN,1205.5,595.5,39.0,562.0,2.0,2404.0
2024-05-01,HK,47.2,30.4,299.4,1007.2,3.3,1387.5
2024-05-01,JP,3.0,0.0,0.9,37.9,0.0,41.9
2024-05-01,MY,1.3,8.2,0.6,7.0,0.0,17.1
2024-05-01,PH,134.5,1.7,0.0,1.6,0.0,137.8
2024-05-01,SG,12.1,6.1,0.1,4.1,0.0,22.4
2024-05-01,TW,87.0,12.4,1.6,812.8,0.0,913.9
2024-05-01,US,2.3,0.0,1.9,14.6,0.1,19.0
2024-05-01,VN,252.4,20.9,124.0,130.4,20.0,547.7
2024-06-01,CN,1178.7,557.0,39.6,750.6,2.7,2528.7
2024-06-01,HK,50.2,41.1,367.0,1391.8,2.8,1852.8
2024-06-01,JP,3.7,0.3,1.1,63.7,0.0,68.8
2024-06-01,MY,2.2,8.9,1.1,42.6,0.0,54.9
2024-06-01,PH,87.3,1.2,0.0,0.6,0.0,89.1
2024-06-01,SG,32.8,1.6,0.1,3.0,0.1,37.7
2024-06-01,TW,100.3,39.1,1.1,1054.6,0.0,1195.1
2024-06-01,US,3.6,0.2,2.4,27.2,0.1,33.4
2024-06-01,VN,415.6,18.2,204.3,233.7,25.0,896.8
2024-07-01,CN,1408.0,447.1,3.4,461.5,0.9,2320.9
2024-07-01,HK,99.6,22.5,140.0,912.8,2.1,1177.0
2024-07-01,JP,2.1,0.0,1.1,19.7,0.0,22.9
2024-07-01,MY,0.9,4.2,0.5,10.2,0.0,15.8
2024-07-01,PH,91.7,0.4,0.0,1.3,0.0,93.4
2024-07-01,SG,5.5,8.1,0.1,5.5,0.0,19.2
2024-07-01,TW,37.9,7.5,0.1,1273.9,0.0,1319.5
2024-07-01,US,2.7,0.1,1.1,24.1,0.2,28.1
2024-07-01,VN,315.6,27.0,58.5,164.8,28.4,594.3
2024-08-01,CN,1251.8,314.6,6.8,422.3,1.6,1997.1
2024-08-01,HK,66.6,23.2,162.5,1002.8,3.5,1258.6
2024-08-01,JP,3.0,0.0,5.5,29.7,0.0,38.1
2024-08-01,MY,1.1,3.2,0.3,60.6,0.0,65.2
2024-08-01,PH,146.6,0.8,0.0,0.5,0.1,148.0
2024-08-01,SG,7.0,11.5,0.1,2.1,0.0,20.8
2024-08-01,TW,40.6,11.2,0.1,1548.7,0.0,1600.6
2024-08-01,US,3.9,0.1,1.1,11.7,0.1,17.0
2024-08-01,VN,291.9,9.2,150.2,123.4,24.8,599.4
2024-09-01,CN,1181.0,487.4,13.2,548.1,0.7,2230.5
2024-09-01,HK,95.1,62.6,347.0,1156.5,2.0,1663.2
2024-09-01,JP,2.5,0.1,7.8,49.3,0.0,59.7
2024-09-01,MY,1.8,4.0,1.0,65.0,0.1,72.1
2024-09-01,PH,116.0,0.8,0.0,3.3,0.0,120.0
2024-09-01,SG,40.9,12.8,0.1,2.0,0.0,55.8
2024-09-01,TW,119.7,34.9,0.2,1633.6,0.1,1788.4
2024-09-01,US,4.8,0.2,1.3,27.4,0.0,33.8
2024-09-01,VN,301.7,14.0,150.6,208.8,23.2,698.3
2024-10-01,CN,1346.7,371.0,0.5,298.0,1.0,2017.1
2024-10-01,HK,39.3,21.2,190.1,734.8,1.3,986.7
2024-10-01,JP,5.1,0.0,1.7,22.9,0.0,29.8
2024-10-01,MY,2.6,3.3,0.0,299.8,0.0,305.8
2024-10-01,PH,96.1,0.5,0.0,3.5,0.0,100.1
2024-10-01,SG,11.2,2.6,0.2,1.1,0.1,15.2
2024-10-01,TW,81.4,20.7,0.6,1851.5,0.0,1954.2
2024-10-01,US,3.1,0.1,1.2,4.7,0.1,9.2
2024-10-01,VN,305.3,10.6,102.0,167.1,19.1,604.1
2024-11-01,CN,1264.3,401.9,24.2,369.5,1.0,2061.0
2024-11-01,HK,75.0,31.1,231.7,936.3,2.0,1276.1
2024-11-01,JP,4.4,0.0,4.4,29.1,0.0,37.9
2024-11-01,MY,1.8,3.5,0.0,118.3,0.0,123.7
2024-11-01,PH,51.4,0.5,0.0,1.7,0.0,53.6
2024-11-01,SG,4.4,1.7,0.2,2.9,0.0,9.2
2024-11-01,TW,51.7,14.6,0.1,1770.2,0.0,1836.6
2024-11-01,US,3.8,0.2,0.7,59.0,0.0,63.7
2024-11-01,VN,345.1,15.2,186.1,182.5,15.8,744.6
2024-12-01,CN,1345.5,326.1,1.8,410.4,1.4,2085.3
2024-12-01,HK,92.1,222.2,176.8,1473.1,1.4,1965.7
2024-12-01,JP,2.2,0.0,2.8,41.4,0.0,46.3
2024-12-01,MY,3.6,4.7,0.0,109.8,0.0,118.1
2024-12-01,PH,90.4,1.8,0.0,4.8,0.0,97.0
2024-12-01,SG,57.3,1.8,0.1,6.9,0.0,66.0
2024-12-01,TW,120.4,26.8,0.1,2034.7,0.0,2182.0
2024-12-01,US,4.9,0.6,0.9,18.0,0.0,24.5
2024-12-01,VN,360.4,24.5,129.7,126.7,21.2,662.4
2025-01-01,CN,1227.6,242.8,2.5,217.4,1.2,1691.6
2025-01-01,HK,30.3,25.6,108.8,335.3,2.0,502.0
2025-01-01,JP,2.7,0.0,2.8,21.4,0.0,26.9
2025-01-01,MY,3.0,6.8,0.1,300.9,0.0,310.7
2025-01-01,PH,55.3,1.5,0.0,12.6,0.0,69.4
2025-01-01,SG,8.6,1.1,0.0,0.4,0.0,10.1
2025-01-01,TW,29.9,11.6,0.1,994.1,0.0,1035.7
2025-01-01,US,4.2,0.5,1.0,17.2,0.0,22.8
2025-01-01,VN,456.8,10.3,167.8,220.3,17.8,873.0
2025-02-01,CN,1162.5,227.0,1.9,186.8,1.4,1579.6
2025-02-01,HK,47.9,24.9,157.2,440.5,1.8,672.4
2025-02-01,JP,3.0,0.0,1.8,23.8,0.0,28.5
2025-02-01,MY,3.5,4.7,0.1,164.2,0.0,172.5
2025-02-01,PH,29.9,1.3,0.0,16.1,0.0,47.3
2025-02-01,SG,8.2,0.8,0.1,2.1,0.0,11.2
2025-02-01,TW,50.7,8.9,0.6,1080.5,0.1,1140.8
2025-02-01,US,2.1,0.1,1.9,7.9,0.1,12.0
2025-02-01,VN,358.6,18.7,137.2,271.3,21.2,806.8
2025-03-01,CN,1418.8,293.4,10.7,356.3,1.9,2081.0
2025-03-01,HK,98.2,135.9,149.2,710.4,6.2,1099.9
2025-03-01,JP,3.6,0.0,2.0,23.9,0.0,29.6
2025-03-01,MY,5.6,8.3,0.2,287.3,0.0,301.3
2025-03-01,PH,44.9,0.8,0.0,20.9,0.0,66.6
2025-03-01,SG,69.3,4.0,0.1,11.1,0.0,84.5
2025-03-01,TW,69.6,62.3,0.3,1873.8,0.0,2006.0
2025-03-01,US,6.1,0.1,1.7,14.9,0.1,22.8
2025-03-01,VN,374.8,12.5,141.7,258.4,18.8,806.1
2025-04-01,CN,1679.8,290.9,4.4,268.7,1.6,2245.4
2025-04-01,HK,49.1,56.4,168.1,630.1,5.1,908.8
2025-04-01,JP,5.9,0.0,2.1,31.0,0.0,38.9
2025-04-01,MY,5.0,6.1,0.2,60.4,0.0,71.7
2025-04-01,PH,67.3,1.7,0.0,1.0,0.0,69.9
2025-04-01,SG,29.3,8.7,0.2,7.6,0.0,45.8
2025-04-01,TW,47.5,36.3,0.2,1538.3,0.0,1622.4
2025-04-01,US,3.9,0.3,2.1,9.5,0.0,15.8
2025-04-01,VN,191.6,20.9,87.5,194.4,19.1,513.5
2025-05-01,CN,1619.9,373.8,4.3,351.5,1.7,2351.2
2025-05-01,HK,58.1,102.2,231.6,848.4,6.9,1247.3
2025-05-01,JP,2.9,0.0,4.2,43.1,0.0,50.2
2025-05-01,MY,5.3,7.2,0.1,340.4,0.0,353.0
2025-05-01,PH,127.2,0.8,0.0,1.1,0.0,129.1
2025-05-01,SG,43.4,3.7,0.0,3.2,0.0,50.4
2025-05-01,TW,68.5,38.4,0.3,1967.8,0.0,2075.1
2025-05-01,US,3.0,0.1,1.5,11.7,0.0,16.4
2025-05-01,VN,297.6,29.1,158.7,302.6,21.8,809.8
2025-06-01,CN,1597.5,307.8,3.7,521.4,1.4,2431.8
2025-06-01,HK,89.6,223.0,346.6,956.9,6.0,1622.2
2025-06-01,JP,5.2,0.0,3.7,55.8,0.0,64.7
2025-06-01,MY,4.6,7.1,0.6,254.5,0.0,266.7
2025-06-01,PH,125.1,1.4,0.0,0.1,0.0,126.5
2025-06-01,SG,32.9,2.6,0.1,2.8,0.0,38.5
2025-06-01,TW,130.5,48.2,0.7,2551.6,0.0,2731.0
2025-06-01,US,2.8,0.1,0.9,9.4,0.0,13.3
2025-06-01,VN,277.1,28.1,148.6,213.6,20.6,688.0
2025-07-01,CN,1852.7,309.0,5.7,393.9,1.9,2563.3
2025-07-01,HK,55.8,65.7,236.7,849.6,10.4,1218.2
2025-07-01,JP,12.7,0.0,5.3,40.7,0.0,58.7
2025-07-01,MY,4.2,11.6,0.0,291.2,0.0,307.1
2025-07-01,PH,131.2,0.4,0.0,0.2,0.0,131.8
2025-07-01,SG,22.7,2.5,0.2,1.5,0.0,27.0
2025-07-01,TW,51.0,34.4,0.5,2252.4,0.0,2338.4
2025-07-01,US,3.1,0.2,0.7,11.7,0.0,15.8
2025-07-01,VN,235.7,31.9,142.4,228.0,25.4,663.4
2025-08-01,CN,1876.7,404.1,2.7,374.4,2.0,2659.9
2025-08-01,HK,83.7,154.6,252.5,982.7,7.4,1480.8
2025-08-01,JP,11.2,0.0,2.2,44.8,0.0,58.3
2025-08-01,MY,1.9,4.0,0.0,286.7,0.0,292.6
2025-08-01,PH,210.9,0.2,0.0,0.1,0.0,211.2
2025-08-01,SG,17.0,4.4,0.0,4.3,0.0,25.7
2025-08-01,TW,78.9,22.3,1.0,2513.3,0.1,2615.5
2025-08-01,US,2.6,0.0,0.8,10.9,0.1,14.4
2025-08-01,VN,304.6,46.3,193.4,268.7,20.2,833.2
2025-09-01,CN,1920.5,397.5,4.8,337.0,1.6,2661.5
2025-09-01,HK,114.6,195.9,355.4,1225.0,5.5,1896.3
2025-09-01,JP,8.3,0.0,8.4,47.9,0.0,64.5
2025-09-01,MY,5.5,10.6,0.0,63.9,0.0,80.0
2025-09-01,PH,132.5,1.5,0.0,0.0,0.0,134.0
2025-09-01,SG,25.3,3.3,0.4,14.7,0.0,43.7
2025-09-01,TW,117.1,46.9,0.3,3041.4,0.1,3205.9
2025-09-01,US,5.5,0.0,1.0,33.5,0.0,40.0
2025-09-01,VN,307.0,47.2,197.8,288.1,23.4,863.5
2025-10-01,CN,2376.1,499.7,14.5,234.6,1.7,3126.6
2025-10-01,HK,40.3,62.9,271.6,944.4,6.6,1325.8
2025-10-01,JP,4.5,0.0,6.5,30.6,0.0,41.7
2025-10-01,MY,11.2,4.9,0.0,14.5,0.1,30.6
2025-10-01,PH,112.1,2.0,0.0,0.0,0.0,114.1
2025-10-01,SG,15.6,0.7,0.0,82.9,0.0,99.2
2025-10-01,TW,45.9,25.3,0.5,3070.6,0.0,3142.3
2025-10-01,US,7.0,0.1,0.8,36.7,0.3,44.9
2025-10-01,VN,218.0,67.8,180.2,177.4,25.9,669.2
2025-11-01,CN,2368.0,849.4,9.7,312.8,1.2,3541.1
2025-11-01,HK,224.3,164.7,258.7,1152.8,12.9,1813.6
2025-11-01,JP,7.0,0.0,7.1,45.3,0.1,59.5
2025-11-01,MY,12.9,3.3,0.1,488.2,0.1,504.6
2025-11-01,PH,375.5,0.9,0.0,0.4,0.0,376.7
2025-11-01,SG,58.7,4.0,0.5,106.0,0.0,169.2
2025-11-01,TW,174.8,25.4,0.7,2084.2,0.2,2285.3
2025-11-01,US,4.0,0.0,1.0,56.3,0.0,61.4
2025-11-01,VN,330.4,45.5,308.8,205.6,16.5,906.9
2025-12-01,CN,2876.3,813.6,23.6,343.3,1.6,4058.4
2025-12-01,HK,158.7,363.8,392.5,1680.8,23.7,2619.6
2025-12-01,JP,5.0,0.0,5.7,49.6,0.0,60.4
2025-12-01,MY,7.2,3.5,0.0,448.7,0.0,459.4
2025-12-01,PH,366.4,0.3,0.0,0.0,0.0,366.7
2025-12-01,SG,30.7,1.5,1.4,280.5,0.0,314.3
2025-12-01,TW,125.7,44.9,0.3,2705.0,2.2,2878.1
2025-12-01,US,9.1,0.1,1.1,84.8,0.0,95.1
2025-12-01,VN,539.4,43.8,352.0,425.1,26.5,1386.8
2026-01-01,CN,3627.4,921.8,19.7,363.9,1.2,4934.0
2026-01-01,HK,225.8,327.3,296.9,1411.9,14.2,2276.1
2026-01-01,JP,12.3,0.0,1.3,68.3,0.1,82.1
2026-01-01,MY,38.5,3.5,0.1,18.0,0.0,60.1
2026-01-01,PH,413.0,3.0,0.0,0.6,0.0,416.7
2026-01-01,SG,6.3,2.9,2.9,17.0,0.0,29.1
2026-01-01,TW,89.6,115.0,0.6,2263.2,0.2,2468.6
2026-01-01,US,6.4,0.0,1.2,80.6,0.1,88.3
2026-01-01,VN,595.2,53.0,214.1,316.5,21.0,1199.9
2026-02-01,CN,4337.1,732.6,3.6,523.7,1.7,5598.7
2026-02-01,HK,280.6,510.5,422.8,1798.1,12.9,3024.9
2026-02-01,JP,3.3,0.0,7.0,84.2,0.1,94.5
2026-02-01,MY,36.4,2.9,0.0,871.6,0.0,911.0
2026-02-01,PH,386.8,2.9,0.0,3.1,0.0,392.8
2026-02-01,SG,413.3,6.9,0.8,54.5,0.0,475.6
2026-02-01,TW,99.1,102.4,2.0,2799.6,0.0,3003.1
2026-02-01,US,9.5,0.0,1.8,107.1,0.0,118.4
2026-02-01,VN,857.5,28.4,412.8,269.2,14.2,1582.0
2026-03-01,CN,5425.4,977.7,87.5,771.1,1.9,7263.5
2026-03-01,HK,317.1,1226.7,728.3,2616.9,21.3,4910.3
2026-03-01,JP,2.8,0.1,12.3,86.4,0.1,101.7
2026-03-01,MY,19.3,4.3,0.0,581.6,0.0,605.1
2026-03-01,PH,721.1,1.7,0.0,2.3,0.0,725.1
2026-03-01,SG,43.1,18.8,2.5,78.7,0.3,143.4
2026-03-01,TW,125.8,251.2,2.7,3615.5,8.5,4003.6
2026-03-01,US,18.6,0.1,3.7,90.3,0.0,112.8
2026-03-01,VN,1237.5,49.0,443.3,439.4,21.5,2190.7
2026-04-01,CN,6597.6,1256.1,64.0,740.1,1.4,8659.2
2026-04-01,HK,217.6,246.9,385.9,2383.4,18.8,3252.7
2026-04-01,JP,2.6,0.0,11.3,125.0,0.1,139.0
2026-04-01,MY,53.5,6.7,0.0,432.9,0.0,493.1
2026-04-01,PH,567.1,5.7,0.0,5.8,0.0,578.7
2026-04-01,SG,112.0,16.0,2.1,0.3,0.0,130.4
2026-04-01,TW,133.4,80.2,1.0,3261.4,15.3,3491.4
2026-04-01,US,26.4,0.0,2.8,146.5,0.0,175.8
2026-04-01,VN,1446.9,43.1,658.5,618.7,20.9,2788.1
2026-05-01,CN,8003.2,1345.5,39.4,1067.2,3.0,10458.4
2026-05-01,HK,152.1,204.1,656.1,3035.1,15.9,4063.3
2026-05-01,JP,3.2,0.0,10.0,86.4,0.1,99.7
2026-05-01,MY,34.9,6.6,0.0,336.6,0.0,378.2
2026-05-01,PH,899.8,15.7,0.0,5.3,0.0,920.8
2026-05-01,SG,176.2,7.7,1.4,2.1,0.8,188.2
2026-05-01,TW,196.3,76.2,3.4,3888.6,0.8,4165.3
2026-05-01,US,36.3,0.4,4.8,261.1,0.0,302.6
2026-05-01,VN,1796.7,42.3,1002.4,640.5,21.9,3503.9
2026-06-01,CN,7769.0,1559.9,116.3,1189.1,4.2,10638.5
2026-06-01,HK,311.3,606.3,978.3,3909.8,13.2,5818.8
2026-06-01,JP,3.3,0.0,35.5,166.6,0.2,205.7
2026-06-01,MY,55.4,3.4,4.0,1113.5,0.4,1176.7
2026-06-01,PH,1063.1,1.5,0.0,0.0,0.0,1064.5
2026-06-01,SG,67.3,2.6,1.9,24.9,0.0,96.8
2026-06-01,TW,151.9,240.0,0.5,5029.2,5.8,5427.4
2026-06-01,US,40.2,0.3,5.5,214.2,0.0,260.2
2026-06-01,VN,1543.0,43.4,1010.7,732.6,21.0,3350.7
2026-07-01,CN,9979.1,1326.1,28.3,1130.2,3.1,12466.8
2026-07-01,HK,262.6,235.5,457.3,3080.9,31.2,4067.4
2026-07-01,JP,1.7,0.0,7.1,128.9,0.2,137.9
2026-07-01,MY,29.7,4.1,0.0,1335.6,0.0,1369.4
2026-07-01,PH,869.7,0.0,0.0,2.6,0.0,872.3
2026-07-01,SG,92.8,2.1,6.1,2.6,0.0,103.7
2026-07-01,TW,180.7,140.8,0.5,2825.9,48.1,3196.0
2026-07-01,US,64.1,0.4,4.5,110.2,0.0,179.1
2026-07-01,VN,1948.8,44.6,1195.9,1033.7,26.3,4249.2
2026-08-01,CN,10998.5,2322.5,9.7,1547.5,1.6,14879.6
2026-08-01,HK,433.6,169.7,916.4,3980.6,21.5,5521.8
2026-08-01,JP,1.3,0.0,8.2,216.0,0.4,225.7
2026-08-01,MY,45.7,3.6,0.5,1624.5,0.0,1674.3
2026-08-01,PH,1688.2,0.0,0.0,0.3,0.0,1688.5
2026-08-01,SG,220.2,35.4,7.0,45.1,1.6,309.3
2026-08-01,TW,255.9,256.9,3.0,3322.1,7.8,3845.7
2026-08-01,US,126.2,0.3,5.4,167.7,0.0,299.5
2026-08-01,VN,1807.2,42.0,646.9,840.5,25.8,3362.4
