month,dram_px_contract_ccy,dram_px_krw,exp_dram_usd_mn,exp_flash_usd_mn,exp_mco_usd_mn,exp_multichip_mcp_usd_mn,exp_other_usd_mn,exp_total_memory_usd_mn,ppi_semis_electronic_components,ip_semis_electronic_components_sa,dram_volume_proxy
2019-01-01,173.75,164.96,1649.6,403.2,634.6,1125.3999999999999,10.0,3823.0,55.1,103.7506,60.9
2019-02-01,161.72,153.61,1358.5,362.8,813.1999999999999,1109.8999999999999,9.1,3653.2,55.1,104.7604,53.9
2019-03-01,152.29,145.7,1769.8000000000002,579.2,1105.3999999999999,1800.5,10.6,5265.5,55.1,105.3679,74.6
2019-04-01,136.04,131.31,1880.6,666.0,741.4,1533.8999999999999,9.9,4831.9,55.2,105.8286,88.7
2019-05-01,130.56,130.72,1443.8,463.2,905.3000000000001,1373.3000000000002,9.3,4195.0,55.1,105.8115,71.0
2019-06-01,124.46,123.8,1581.0,429.9,902.6999999999999,1920.0,10.2,4843.9,55.3,106.7633,81.5
2019-07-01,107.12,106.52,1516.1,490.9,579.2,1354.0,11.799999999999999,3952.0,55.4,107.5196,90.8
2019-08-01,106.73,109.18,1463.8999999999999,469.3,631.1,1673.6,12.8,4250.9,55.5,109.1758,88.0
2019-09-01,106.73,108.15,1417.7,386.8,843.5,1868.6,13.7,4530.4,55.6,108.7369,85.2
2019-10-01,100.17,100.36,1397.3,505.0,593.6999999999999,1522.8000000000002,12.4,4031.2,55.5,108.9746,89.5
2019-11-01,99.92,98.69,1373.2,438.09999999999997,647.6,1437.8999999999999,9.100000000000001,3905.8,55.5,110.9638,88.2
2019-12-01,99.74,99.24,1295.4,371.3,483.2,1726.6,9.1,3885.2999999999997,55.6,112.6269,83.3
2020-01-01,98.19,96.73,1296.0,557.3000000000001,362.9,1226.5,7.6000000000000005,3450.6,55.5,110.9344,84.7
2020-02-01,98.42,99.41,1354.3999999999999,485.0,412.9,1438.9,6.4,3697.7,55.4,108.6923,88.3
2020-03-01,99.28,102.51,1512.8,478.70000000000005,457.7,1970.5,8.7,4428.4,55.6,109.4757,97.8
2020-04-01,106.21,110.11,1582.0,526.7,276.3,1422.6999999999998,5.5,3813.3,54.9,107.5225,95.6
2020-05-01,106.34,110.56,1710.0,471.40000000000003,338.0,2022.8,5.4,4547.7,54.9,107.1574,103.2
2020-06-01,106.34,108.89,1711.5,468.0,405.0,1800.1,8.3,4392.900000000001,54.9,109.2417,103.3
2020-07-01,100.42,101.88,1689.3999999999999,486.0,336.29999999999995,1498.6,12.7,4023.2,54.7,111.7799,108.0
2020-08-01,100.42,100.86,1632.0,496.2,311.90000000000003,1682.4,10.9,4133.6,54.6,112.4082,104.3
2020-09-01,100.42,100.18,1688.5,569.2,356.4,2148.7999999999997,15.899999999999999,4778.7,54.7,115.8024,107.9
2020-10-01,94.65,91.69,1682.2,497.2,387.3,1873.9,12.1,4453.0,53.8,119.86,114.0
2020-11-01,94.65,89.46,1515.6999999999998,487.70000000000005,345.29999999999995,1863.9,13.799999999999999,4226.599999999999,53.9,121.1263,102.8
2020-12-01,94.65,87.72,1331.0,670.4,381.90000000000003,2320.1,12.7,4716.1,54.1,121.0366,90.2
2021-01-01,97.8,90.84,1463.5,473.0,327.0,1954.1,10.7,4228.4,54.1,120.3158,96.0
2021-02-01,97.94,92.15,1500.8,447.7,316.4,1993.2,9.9,4268.099999999999,54.1,119.1051,98.3
2021-03-01,97.94,93.75,1734.7,428.20000000000005,411.00000000000006,2432.9,11.2,5017.900000000001,54.3,119.6459,113.7
2021-04-01,115.45,109.36,1827.5,479.1,343.0,2054.6,13.5,4718.1,54.2,121.9916,101.6
2021-05-01,115.45,109.74,1922.3,568.4,328.79999999999995,2636.8,10.2,5466.6,54.5,123.9862,106.8
2021-06-01,115.45,109.55,2127.4,579.5,333.3,3072.2,13.0,6125.2,54.7,121.2857,118.2
2021-07-01,123.0,119.08,2253.3,480.8,387.3,2555.6000000000004,12.6,5689.8,54.548,117.7423,117.6
2021-08-01,123.0,120.77,2541.2,549.3,452.69999999999993,2647.8,11.5,6202.5,54.766,117.8182,132.6
2021-09-01,123.0,121.72,2539.3999999999996,646.6,459.2,2885.3,12.3,6543.0,54.875,118.1095,132.5
2021-10-01,116.01,116.13,2443.2999999999997,622.5,360.4,2234.3,10.899999999999999,5671.4,54.947,119.9345,135.1
2021-11-01,116.01,116.15,2422.1,613.0,253.4,2861.7999999999997,11.899999999999999,6162.5,55.251,122.4168,134.0
2021-12-01,116.01,116.21,2527.5,627.2,458.9,3002.0,8.899999999999999,6624.700000000001,55.42,124.7074,139.8
2022-01-01,103.39,104.47,2226.2,510.0,308.4,2221.5,6.9,5273.1,56.336,125.773,138.2
2022-02-01,103.39,104.85,2121.1,617.9,332.0,1985.0,7.4,5063.400000000001,56.366,128.9521,131.6
2022-03-01,103.39,106.84,2430.3,731.1999999999999,435.5,2847.9,9.399999999999999,6454.5,56.726,129.5542,150.8
2022-04-01,102.71,107.13,2145.1,733.5,330.8,1830.9,9.5,5049.5,56.488,127.9384,134.0
2022-05-01,102.14,109.77,2439.2,791.2,311.8,2262.8,6.3,5811.5,56.624,128.77,153.2
2022-06-01,101.67,109.91,2455.9,773.7,559.8,2419.1,13.8,6222.3,56.916,131.2495,155.0
2022-07-01,90.59,100.25,2347.6,727.1,306.8,1725.3,15.1,5121.9,56.804,131.7061,166.3
2022-08-01,90.31,100.77,1979.1000000000001,611.1999999999999,209.0,1929.4,14.2,4743.1,56.632,132.8333,140.6
2022-09-01,87.77,103.38,1802.2,661.1999999999999,309.1,2317.6,13.7,5103.8,56.822,134.0567,131.8
2022-10-01,71.77,86.66,1553.3000000000002,561.5,103.10000000000001,1543.9,11.1,3772.8,57.313,132.9257,138.9
2022-11-01,71.77,82.86,1386.7,510.9,100.6,1264.2,14.9,3277.3,57.591,133.4489,124.0
2022-12-01,70.92,77.8,1406.2,341.7,134.4,1404.2,8.2,3295.2,57.607,130.8489,127.2
2023-01-01,61.81,65.24,878.0,359.3,91.7,998.3000000000001,6.800000000000001,2334.3,57.231,130.0403,91.2
2023-02-01,60.59,65.17,935.6,488.20000000000005,82.4,962.8,7.9,2477.1,57.227,133.54,99.1
2023-03-01,60.18,66.5,1118.5,630.7,293.8,1440.6,9.6,3493.0,57.291,133.5331,119.3
2023-04-01,50.94,56.91,1150.1,348.09999999999997,100.60000000000001,946.3000000000001,10.6,2555.4,57.142,135.8398,144.9
2023-05-01,50.86,57.18,1180.4,359.1,164.6,1217.0,11.2,2932.8,56.58,136.0676,148.9
2023-06-01,50.06,54.93,1150.3,462.40000000000003,209.0,2043.9,10.899999999999999,3876.7999999999997,56.733,135.4366,147.4
2023-07-01,49.53,53.92,1125.8,347.1,91.1,1380.2,13.9,2958.1,56.919,136.6894,145.9
2023-08-01,49.51,55.24,1265.8,556.2,163.20000000000002,1582.2,11.7,3578.7,57.125,135.6233,164.1
2023-09-01,49.51,55.7,1161.1,704.9,242.6,1964.4,11.6,4084.7,57.362,134.4233,150.5
2023-10-01,53.57,61.24,1121.1,555.6,161.9,1756.1,14.2,3609.0,57.374,136.4045,134.3
2023-11-01,54.25,60.16,1322.4,569.5,285.2,1929.3,19.2,4125.5,57.591,137.8263,156.4
2023-12-01,55.27,61.0,1432.9,615.9,549.4000000000001,2401.2,16.7,5016.5,57.536,138.9374,166.4
2024-01-01,63.36,70.98,1389.6000000000001,848.1,251.1,1874.6,19.5,4383.0,57.873,139.4212,140.7
2024-02-01,64.22,72.38,1472.6000000000001,877.9,375.20000000000005,2180.1,14.1,4919.8,58.044,138.2248,147.1
2024-03-01,64.83,73.02,1607.1999999999998,806.3,490.3,2560.1,12.7,5476.8,58.094,138.3547,159.1
2024-04-01,73.25,84.8,1573.8,608.6999999999999,414.6,2056.2999999999997,22.299999999999997,4675.8,58.245,143.8737,137.9
2024-05-01,73.32,84.74,1745.3,675.2,467.5,2577.6,25.4,5491.3,58.195,144.2792,152.7
2024-06-01,73.61,85.99,1874.4,667.6,616.7,3567.7999999999997,30.7,6757.299999999999,58.052,143.4192,163.4
2024-07-01,77.96,91.28,1964.0,516.9,204.8,2873.8,31.599999999999998,5591.1,57.453,143.4068,161.7
2024-08-01,77.86,89.24,1812.5,373.8,326.6,3201.8,30.1,5744.799999999999,57.484,148.7946,149.4
2024-09-01,76.63,86.57,1863.5,616.8,521.2,3693.9999999999995,26.1,6721.8,57.533,146.4195,156.0
2024-10-01,75.26,86.7,1890.8000000000002,430.0,296.3,3383.4,21.6,6022.2,57.992,148.7125,161.2
2024-11-01,74.03,87.32,1801.9,468.7,447.4,3469.5,18.8,6206.4,58.925,148.1992,156.2
2024-12-01,73.99,89.83,2076.8,608.5,312.20000000000005,4225.8,24.0,7247.3,58.817,150.2275,180.1
2025-01-01,72.77,89.66,1818.3999999999999,300.2,283.1,2119.6,21.0,4542.2,58.261,158.0732,160.3
2025-02-01,70.7,86.5,1666.4,286.4,300.79999999999995,2193.2,24.599999999999998,4471.099999999999,58.059,159.6876,151.2
2025-03-01,71.44,88.1,2090.9,517.3,305.9,3557.0,27.0,6497.8,58.414,159.2281,187.8
2025-04-01,72.36,88.46,2079.4,421.29999999999995,264.8,2741.0,25.8,5532.2,58.312,162.2271,184.4
2025-05-01,74.63,88.08,2225.9,555.3000000000001,400.7,3869.8,30.400000000000002,7082.5,58.318,164.3526,191.4
2025-06-01,74.72,86.45,2265.3,618.3000000000001,504.9,4566.1,28.0,7982.7,57.596,163.1741,194.5
2025-07-01,80.81,94.06,2369.1,455.7,391.5,4069.2,37.7,7323.700000000001,57.566,171.5555,188.1
2025-08-01,80.98,95.25,2587.5,635.9,452.6,4485.900000000001,29.799999999999997,8191.6,59.626,169.197,205.0
2025-09-01,83.16,97.98,2636.3,702.9,568.1,5051.5,30.599999999999998,8989.4,59.754,165.667,203.4
2025-10-01,97.3,117.22,2830.7,663.4,474.1,4591.7,34.599999999999994,8594.4,60.114,169.1163,186.7
2025-11-01,109.03,134.53,3555.6,1093.2,586.5999999999999,4451.599999999999,31.0,9718.3,60.857,169.7424,209.3
2025-12-01,111.22,138.14,4118.5,1271.5,776.6,6017.8,54.0,12238.8,61.052,170.5402,237.6
2026-01-01,147.44,181.78,5014.5,1426.5,536.8,4540.0,36.8,11554.9,61.572,176.7104,218.2
2026-02-01,157.62,193.35,6423.6,1386.6000000000001,850.8000000000001,6511.099999999999,28.9,15201.0,67.007,176.1804,261.5
2026-03-01,187.19,235.54,7910.7,2529.6,1280.3,8282.2,53.6,20056.2,68.269,173.6932,271.2
2026-04-01,233.82,294.36,9157.1,1654.6999999999998,1125.6,7714.1,56.5,19708.4,73.171,176.6948,251.3
2026-05-01,251.21,316.85,11298.7,1698.5,1717.5,9322.9,42.5,24080.4,72.885,184.1891,288.6
2026-06-01,252.74,326.71,11004.5,2457.4,2152.7,12379.9,44.8,28039.3,73.627,187.5187,279.4
2026-07-01,274.79,348.29,13429.2,1753.6,1699.7,9650.6,108.9,26641.8,73.125,190.2607,313.6
2026-08-01,282.77,336.59,15576.8,2830.4,1597.1,11744.3,58.7,31806.8,75.548,190.0987,353.5
