period,dram_px_contract_ccy,exp_dram_usd_mn,exp_total_memory_usd_mn,dram_volume_proxy,n_months,sec_revenue_krw_tn,sec_op_margin_pct,hynix_revenue_krw_tn,hynix_op_margin_pct,industry_dram_rev_usd_bn,quarter
2019Q1,162.59,4777.9,12741.7,63.13,3,52.39,11.9,6.77,20.2,,1Q19
2019Q2,130.35,4905.4,13870.8,80.4,3,56.13,11.8,6.45,9.9,,2Q19
2019Q3,106.86,4397.7,12733.3,88.0,3,62.0,12.5,6.84,6.9,,3Q19
2019Q4,99.94,4065.9,11822.3,87.0,3,59.88,12.0,6.93,3.4,,4Q19
2020Q1,98.63,4163.2,11576.7,90.27,3,55.33,11.7,7.2,11.1,,1Q20
2020Q2,106.3,5003.5,12753.9,100.7,3,52.97,15.4,8.61,22.6,,2Q20
2020Q3,100.42,5009.9,12935.5,106.73,3,66.96,18.4,8.13,16.0,,3Q20
2020Q4,94.65,4528.9,13395.7,102.33,3,61.55,14.7,7.97,12.1,,4Q20
2021Q1,97.89,4699.0,13514.4,102.67,3,65.39,14.3,8.49,15.6,,1Q21
2021Q2,115.45,5877.2,16309.9,108.87,3,63.67,19.7,10.32,26.1,,2Q21
2021Q3,123.0,7333.9,18435.3,127.57,3,73.98,21.4,11.81,35.3,,3Q21
2021Q4,116.01,7392.9,18458.6,136.3,3,76.57,18.1,12.38,34.1,,4Q21
2022Q1,103.39,6777.6,16791.0,140.2,3,77.78,18.2,12.16,23.5,,1Q22
2022Q2,102.17,7040.2,17083.3,147.4,3,77.2,18.3,13.81,30.4,25.58,2Q22
2022Q3,89.56,6128.9,14968.8,146.23,3,76.78,14.1,10.98,15.1,18.19,3Q22
2022Q4,71.49,4346.2,10345.3,130.03,3,70.46,6.1,7.67,-24.7,12.28,4Q22
2023Q1,60.86,2932.1,8304.4,103.2,3,63.75,1.0,5.09,-66.9,9.49,1Q23
2023Q2,50.62,3480.8,9365.0,147.07,3,60.01,1.1,7.31,-39.4,11.43,2Q23
2023Q3,49.52,3552.7,10621.5,153.5,3,67.4,3.6,9.07,-19.8,13.48,3Q23
2023Q4,54.36,3876.4,12751.0,152.37,3,67.78,4.2,11.31,3.1,17.46,4Q23
2024Q1,64.14,4469.4,14779.6,148.97,3,71.92,9.2,12.43,23.2,18.35,1Q24
2024Q2,73.39,5193.5,16924.4,151.33,3,74.07,14.1,16.42,33.3,22.9,2Q24
2024Q3,77.48,5640.0,18057.7,155.7,3,79.1,11.6,17.57,40.0,26.02,3Q24
2024Q4,74.43,5769.5,19475.9,165.83,3,75.79,8.6,19.77,40.9,28.6,4Q24
2025Q1,71.64,5575.7,15511.1,166.43,3,79.14,8.4,17.64,42.2,27.01,1Q25
2025Q2,73.9,6570.6,20597.4,190.1,3,74.57,6.3,22.23,41.4,31.63,2Q25
2025Q3,81.65,7592.9,24504.7,198.83,3,86.06,14.1,24.45,46.6,41.4,3Q25
2025Q4,105.85,10504.8,30551.5,211.2,3,93.84,21.4,32.83,58.4,53.58,4Q25
2026Q1,164.08,19348.8,46812.1,250.3,3,133.87,42.8,52.58,71.5,97.0,1Q26
2026Q2,245.92,31460.3,71828.1,273.1,3,171.5,52.2,79.32,76.3,154.73,2Q26
2026Q3,278.78,29006.0,58448.6,333.55,2,,,,,,3Q26
