company,period,quarter,revenue_krw_tn,op_income_krw_tn,op_margin_pct
SK하이닉스,2019Q1,1Q19,6.77,1.37,20.2
SK하이닉스,2019Q2,2Q19,6.45,0.64,9.9
SK하이닉스,2019Q3,3Q19,6.84,0.47,6.9
SK하이닉스,2019Q4,4Q19,6.93,0.24,3.4
SK하이닉스,2020Q1,1Q20,7.2,0.8,11.1
SK하이닉스,2020Q2,2Q20,8.61,1.95,22.6
SK하이닉스,2020Q3,3Q20,8.13,1.3,16.0
SK하이닉스,2020Q4,4Q20,7.97,0.97,12.1
SK하이닉스,2021Q1,1Q21,8.49,1.32,15.6
SK하이닉스,2021Q2,2Q21,10.32,2.69,26.1
SK하이닉스,2021Q3,3Q21,11.81,4.17,35.3
SK하이닉스,2021Q4,4Q21,12.38,4.22,34.1
SK하이닉스,2022Q1,1Q22,12.16,2.86,23.5
SK하이닉스,2022Q2,2Q22,13.81,4.19,30.4
SK하이닉스,2022Q3,3Q22,10.98,1.66,15.1
SK하이닉스,2022Q4,4Q22,7.67,-1.9,-24.7
SK하이닉스,2023Q1,1Q23,5.09,-3.4,-66.9
SK하이닉스,2023Q2,2Q23,7.31,-2.88,-39.4
SK하이닉스,2023Q3,3Q23,9.07,-1.79,-19.8
SK하이닉스,2023Q4,4Q23,11.31,0.35,3.1
SK하이닉스,2024Q1,1Q24,12.43,2.89,23.2
SK하이닉스,2024Q2,2Q24,16.42,5.47,33.3
SK하이닉스,2024Q3,3Q24,17.57,7.03,40.0
SK하이닉스,2024Q4,4Q24,19.77,8.08,40.9
SK하이닉스,2025Q1,1Q25,17.64,7.44,42.2
SK하이닉스,2025Q2,2Q25,22.23,9.21,41.4
SK하이닉스,2025Q3,3Q25,24.45,11.38,46.6
SK하이닉스,2025Q4,4Q25,32.83,19.17,58.4
SK하이닉스,2026Q1,1Q26,52.58,37.61,71.5
SK하이닉스,2026Q2,2Q26,79.32,60.54,76.3
삼성전자,2019Q1,1Q19,52.39,6.23,11.9
삼성전자,2019Q2,2Q19,56.13,6.6,11.8
삼성전자,2019Q3,3Q19,62.0,7.78,12.5
삼성전자,2019Q4,4Q19,59.88,7.16,12.0
삼성전자,2020Q1,1Q20,55.33,6.45,11.7
삼성전자,2020Q2,2Q20,52.97,8.15,15.4
삼성전자,2020Q3,3Q20,66.96,12.35,18.4
삼성전자,2020Q4,4Q20,61.55,9.05,14.7
삼성전자,2021Q1,1Q21,65.39,9.38,14.3
삼성전자,2021Q2,2Q21,63.67,12.57,19.7
삼성전자,2021Q3,3Q21,73.98,15.82,21.4
삼성전자,2021Q4,4Q21,76.57,13.87,18.1
삼성전자,2022Q1,1Q22,77.78,14.12,18.2
삼성전자,2022Q2,2Q22,77.2,14.1,18.3
삼성전자,2022Q3,3Q22,76.78,10.85,14.1
삼성전자,2022Q4,4Q22,70.46,4.31,6.1
삼성전자,2023Q1,1Q23,63.75,0.64,1.0
삼성전자,2023Q2,2Q23,60.01,0.67,1.1
삼성전자,2023Q3,3Q23,67.4,2.43,3.6
삼성전자,2023Q4,4Q23,67.78,2.82,4.2
삼성전자,2024Q1,1Q24,71.92,6.61,9.2
삼성전자,2024Q2,2Q24,74.07,10.44,14.1
삼성전자,2024Q3,3Q24,79.1,9.18,11.6
삼성전자,2024Q4,4Q24,75.79,6.49,8.6
삼성전자,2025Q1,1Q25,79.14,6.69,8.4
삼성전자,2025Q2,2Q25,74.57,4.68,6.3
삼성전자,2025Q3,3Q25,86.06,12.17,14.1
삼성전자,2025Q4,4Q25,93.84,20.07,21.4
삼성전자,2026Q1,1Q26,133.87,57.23,42.8
삼성전자,2026Q2,2Q26,171.5,89.49,52.2
