quarter,bit_qoq_text,bit_qoq_mid_pct,asp_qoq_text,asp_qoq_mid_pct,source,note,trendforce_rev_qoq_pct,check_implied_rev_qoq_pct,check_gap_pp
2Q23,grew mid-30%,35.0,rose high single-digit %,8.0,SK hynix 2Q23 call (Alpha Spread),,49.0,46.0,-3.0
3Q23,increased approximately 20%,20.0,rose around 10%,10.0,SK hynix 3Q23 call (Alpha Spread),transcript wording ties the 20% to server sales; verify,34.4,32.0,-2.4
4Q23,low single-digit increase,2.0,rose high-teen %,18.0,SK hynix 4Q23 call (Alpha Spread),,20.2,20.0,-0.2
1Q24,decreased (transcript reads 'mid-2%'),-15.0,increased over 20%,21.0,SK hynix 1Q24 call (Alpha Spread),bit value inferred from TrendForce revenue QoQ and stated ASP (+21%); transcript text garbled,2.7,3.0,0.3
2Q24,grew low-20%,22.0,rose mid-teen %,15.0,SK hynix 2Q24 call (Alpha Spread),,38.7,40.0,1.3
3Q24,slight decrease,-1.0,rose mid-teen %,15.0,SK hynix 3Q24 call (Alpha Spread),,13.1,14.0,0.9
4Q24,mid-single-digit increase,5.0,rose approximately 10%,10.0,SK hynix 4Q24 call (Alpha Spread),,16.9,16.0,-0.9
1Q25,decreased high single-digit %,-8.0,flat,0.0,SK hynix 1Q25 call (Alpha Spread),,-7.1,-8.0,-0.9
2Q25,grew mid-20%,25.0,rose low single-digit %,2.0,SK hynix 2Q25 call (Alpha Spread),,25.8,27.0,1.2
3Q25,increased high single-digit %,8.0,rose mid-single-digit %,5.0,SK hynix 3Q25 call (Alpha Spread),,12.4,13.0,0.6
4Q25,grew low single-digit %,2.0,rose 20%,20.0,SK hynix 4Q25 call (Alpha Spread),,25.2,22.0,-3.2
1Q26,flat,0.0,rose mid-60%,65.0,Silicon Analysts 1Q26 review,,62.5,65.0,2.5
2Q26,increased high single-digit %,8.0,rose approximately 30%,30.0,SK hynix 2Q26 call,,37.9,40.0,2.1
3Q26 guidance,about 10% increase (guidance),10.0,,,SK hynix 2Q26 call summary (BigGo),"guidance, not actual",,,
