company,quarter_end,capex_usd_bn,ytd_months,form,tag,calendar_quarter
Alphabet,2019-03-31,4.64,3,10-Q,PaymentsToAcquirePropertyPlantAndEquipment,2019Q1
Alphabet,2019-06-30,6.13,3,10-Q,PaymentsToAcquirePropertyPlantAndEquipment,2019Q2
Alphabet,2019-09-30,6.73,3,10-Q,PaymentsToAcquirePropertyPlantAndEquipment,2019Q3
Alphabet,2019-12-31,6.05,12,10-K,PaymentsToAcquirePropertyPlantAndEquipment,2019Q4
Alphabet,2020-03-31,6.0,3,10-Q,PaymentsToAcquirePropertyPlantAndEquipment,2020Q1
Alphabet,2020-06-30,5.39,3,10-Q,PaymentsToAcquirePropertyPlantAndEquipment,2020Q2
Alphabet,2020-09-30,5.41,3,10-Q,PaymentsToAcquirePropertyPlantAndEquipment,2020Q3
Alphabet,2020-12-31,5.48,12,10-K,PaymentsToAcquirePropertyPlantAndEquipment,2020Q4
Alphabet,2021-03-31,5.94,3,10-Q,PaymentsToAcquirePropertyPlantAndEquipment,2021Q1
Alphabet,2021-06-30,5.5,6,10-Q,PaymentsToAcquirePropertyPlantAndEquipment,2021Q2
Alphabet,2021-09-30,6.82,9,10-Q,PaymentsToAcquirePropertyPlantAndEquipment,2021Q3
Alphabet,2021-12-31,6.38,12,10-K,PaymentsToAcquirePropertyPlantAndEquipment,2021Q4
Alphabet,2022-03-31,9.79,3,10-Q,PaymentsToAcquirePropertyPlantAndEquipment,2022Q1
Alphabet,2022-06-30,6.83,6,10-Q,PaymentsToAcquirePropertyPlantAndEquipment,2022Q2
Alphabet,2022-09-30,7.28,9,10-Q,PaymentsToAcquirePropertyPlantAndEquipment,2022Q3
Alphabet,2022-12-31,7.59,12,10-K,PaymentsToAcquirePropertyPlantAndEquipment,2022Q4
Alphabet,2023-03-31,6.29,3,10-Q,PaymentsToAcquirePropertyPlantAndEquipment,2023Q1
Alphabet,2023-06-30,6.89,6,10-Q,PaymentsToAcquirePropertyPlantAndEquipment,2023Q2
Alphabet,2023-09-30,8.05,9,10-Q,PaymentsToAcquirePropertyPlantAndEquipment,2023Q3
Alphabet,2023-12-31,11.02,12,10-K,PaymentsToAcquirePropertyPlantAndEquipment,2023Q4
Alphabet,2024-03-31,12.01,3,10-Q,PaymentsToAcquirePropertyPlantAndEquipment,2024Q1
Alphabet,2024-06-30,13.19,6,10-Q,PaymentsToAcquirePropertyPlantAndEquipment,2024Q2
Alphabet,2024-09-30,13.06,9,10-Q,PaymentsToAcquirePropertyPlantAndEquipment,2024Q3
Alphabet,2024-12-31,14.28,12,10-K,PaymentsToAcquirePropertyPlantAndEquipment,2024Q4
Alphabet,2025-03-31,17.2,3,10-Q,PaymentsToAcquirePropertyPlantAndEquipment,2025Q1
Alphabet,2025-06-30,22.45,6,10-Q,PaymentsToAcquirePropertyPlantAndEquipment,2025Q2
Alphabet,2025-09-30,23.95,9,10-Q,PaymentsToAcquirePropertyPlantAndEquipment,2025Q3
Alphabet,2025-12-31,27.85,12,10-K,PaymentsToAcquirePropertyPlantAndEquipment,2025Q4
Alphabet,2026-03-31,35.67,3,10-Q,PaymentsToAcquirePropertyPlantAndEquipment,2026Q1
Alphabet,2026-06-30,44.92,6,10-Q,PaymentsToAcquirePropertyPlantAndEquipment,2026Q2
Amazon,2019-03-31,3.29,3,10-Q,PaymentsToAcquireProductiveAssets,2019Q1
Amazon,2019-06-30,3.56,3,10-Q,PaymentsToAcquireProductiveAssets,2019Q2
Amazon,2019-09-30,4.7,3,10-Q,PaymentsToAcquireProductiveAssets,2019Q3
Amazon,2019-12-31,5.31,12,10-K,PaymentsToAcquireProductiveAssets,2019Q4
Amazon,2020-03-31,6.79,3,10-Q,PaymentsToAcquireProductiveAssets,2020Q1
Amazon,2020-06-30,7.46,3,10-Q,PaymentsToAcquireProductiveAssets,2020Q2
Amazon,2020-09-30,11.06,3,10-Q,PaymentsToAcquireProductiveAssets,2020Q3
Amazon,2020-12-31,14.82,12,10-K,PaymentsToAcquireProductiveAssets,2020Q4
Amazon,2021-03-31,12.08,3,10-Q,PaymentsToAcquireProductiveAssets,2021Q1
Amazon,2021-06-30,14.29,3,10-Q,PaymentsToAcquireProductiveAssets,2021Q2
Amazon,2021-09-30,15.75,3,10-Q,PaymentsToAcquireProductiveAssets,2021Q3
Amazon,2021-12-31,18.93,12,10-K,PaymentsToAcquireProductiveAssets,2021Q4
Amazon,2022-03-31,14.95,3,10-Q,PaymentsToAcquireProductiveAssets,2022Q1
Amazon,2022-06-30,15.72,3,10-Q,PaymentsToAcquireProductiveAssets,2022Q2
Amazon,2022-09-30,16.38,3,10-Q,PaymentsToAcquireProductiveAssets,2022Q3
Amazon,2022-12-31,16.59,12,10-K,PaymentsToAcquireProductiveAssets,2022Q4
Amazon,2023-03-31,14.21,3,10-Q,PaymentsToAcquireProductiveAssets,2023Q1
Amazon,2023-06-30,11.46,3,10-Q,PaymentsToAcquireProductiveAssets,2023Q2
Amazon,2023-09-30,12.48,3,10-Q,PaymentsToAcquireProductiveAssets,2023Q3
Amazon,2023-12-31,14.59,12,10-K,PaymentsToAcquireProductiveAssets,2023Q4
Amazon,2024-03-31,14.93,3,10-Q,PaymentsToAcquireProductiveAssets,2024Q1
Amazon,2024-06-30,17.62,3,10-Q,PaymentsToAcquireProductiveAssets,2024Q2
Amazon,2024-09-30,22.62,3,10-Q,PaymentsToAcquireProductiveAssets,2024Q3
Amazon,2024-12-31,27.83,12,10-K,PaymentsToAcquireProductiveAssets,2024Q4
Amazon,2025-03-31,25.02,3,10-Q,PaymentsToAcquireProductiveAssets,2025Q1
Amazon,2025-06-30,32.18,3,10-Q,PaymentsToAcquireProductiveAssets,2025Q2
Amazon,2025-09-30,35.09,3,10-Q,PaymentsToAcquireProductiveAssets,2025Q3
Amazon,2025-12-31,39.52,12,10-K,PaymentsToAcquireProductiveAssets,2025Q4
Amazon,2026-03-31,44.2,3,10-Q,PaymentsToAcquireProductiveAssets,2026Q1
Amazon,2026-06-30,54.21,3,10-Q,PaymentsToAcquireProductiveAssets,2026Q2
Meta,2019-03-31,3.84,3,10-Q,PaymentsToAcquirePropertyPlantAndEquipment,2019Q1
Meta,2019-06-30,3.63,6,10-Q,PaymentsToAcquirePropertyPlantAndEquipment,2019Q2
Meta,2019-09-30,3.53,9,10-Q,PaymentsToAcquirePropertyPlantAndEquipment,2019Q3
Meta,2019-12-31,4.1,12,10-K,PaymentsToAcquirePropertyPlantAndEquipment,2019Q4
Meta,2020-03-31,3.56,3,10-Q,PaymentsToAcquirePropertyPlantAndEquipment,2020Q1
Meta,2020-06-30,3.25,6,10-Q,PaymentsToAcquirePropertyPlantAndEquipment,2020Q2
Meta,2020-09-30,3.69,9,10-Q,PaymentsToAcquirePropertyPlantAndEquipment,2020Q3
Meta,2020-12-31,4.66,12,10-K,PaymentsToAcquirePropertyPlantAndEquipment,2020Q4
Meta,2021-03-31,4.3,3,10-Q,PaymentsToAcquirePropertyPlantAndEquipment,2021Q1
Meta,2021-06-30,4.64,6,10-Q,PaymentsToAcquirePropertyPlantAndEquipment,2021Q2
Meta,2021-09-30,4.35,9,10-Q,PaymentsToAcquirePropertyPlantAndEquipment,2021Q3
Meta,2021-12-31,5.4,12,10-K,PaymentsToAcquirePropertyPlantAndEquipment,2021Q4
Meta,2022-03-31,5.44,3,10-Q,PaymentsToAcquirePropertyPlantAndEquipment,2022Q1
Meta,2022-06-30,7.57,6,10-Q,PaymentsToAcquirePropertyPlantAndEquipment,2022Q2
Meta,2022-09-30,9.38,9,10-Q,PaymentsToAcquirePropertyPlantAndEquipment,2022Q3
Meta,2022-12-31,8.8,12,10-K,PaymentsToAcquirePropertyPlantAndEquipment,2022Q4
Meta,2023-03-31,6.82,3,10-Q,PaymentsToAcquirePropertyPlantAndEquipment,2023Q1
Meta,2023-06-30,6.13,6,10-Q,PaymentsToAcquirePropertyPlantAndEquipment,2023Q2
Meta,2023-09-30,6.5,9,10-Q,PaymentsToAcquirePropertyPlantAndEquipment,2023Q3
Meta,2023-12-31,7.59,12,10-K,PaymentsToAcquirePropertyPlantAndEquipment,2023Q4
Meta,2024-03-31,6.4,3,10-Q,PaymentsToAcquirePropertyPlantAndEquipment,2024Q1
Meta,2024-06-30,8.17,6,10-Q,PaymentsToAcquirePropertyPlantAndEquipment,2024Q2
Meta,2024-09-30,8.26,9,10-Q,PaymentsToAcquirePropertyPlantAndEquipment,2024Q3
Meta,2024-12-31,14.43,12,10-K,PaymentsToAcquirePropertyPlantAndEquipment,2024Q4
Meta,2025-03-31,12.94,3,10-Q,PaymentsToAcquirePropertyPlantAndEquipment,2025Q1
Meta,2025-06-30,16.54,6,10-Q,PaymentsToAcquirePropertyPlantAndEquipment,2025Q2
Meta,2025-09-30,18.83,9,10-Q,PaymentsToAcquirePropertyPlantAndEquipment,2025Q3
Meta,2025-12-31,21.38,12,10-K,PaymentsToAcquirePropertyPlantAndEquipment,2025Q4
Meta,2026-03-31,19.0,3,10-Q,PaymentsToAcquirePropertyPlantAndEquipment,2026Q1
Meta,2026-06-30,30.12,6,10-Q,PaymentsToAcquirePropertyPlantAndEquipment,2026Q2
Microsoft,2019-03-31,2.56,3,10-Q,PaymentsToAcquirePropertyPlantAndEquipment,2019Q1
Microsoft,2019-06-30,4.05,12,10-K,PaymentsToAcquirePropertyPlantAndEquipment,2019Q2
Microsoft,2019-09-30,3.38,3,10-Q,PaymentsToAcquirePropertyPlantAndEquipment,2019Q3
Microsoft,2019-12-31,3.54,3,10-Q,PaymentsToAcquirePropertyPlantAndEquipment,2019Q4
Microsoft,2020-03-31,3.77,3,10-Q,PaymentsToAcquirePropertyPlantAndEquipment,2020Q1
Microsoft,2020-06-30,4.74,12,10-K,PaymentsToAcquirePropertyPlantAndEquipment,2020Q2
Microsoft,2020-09-30,4.91,3,10-Q,PaymentsToAcquirePropertyPlantAndEquipment,2020Q3
Microsoft,2020-12-31,4.17,3,10-Q,PaymentsToAcquirePropertyPlantAndEquipment,2020Q4
Microsoft,2021-03-31,5.09,3,10-Q,PaymentsToAcquirePropertyPlantAndEquipment,2021Q1
Microsoft,2021-06-30,6.45,12,10-K,PaymentsToAcquirePropertyPlantAndEquipment,2021Q2
Microsoft,2021-09-30,5.81,3,10-Q,PaymentsToAcquirePropertyPlantAndEquipment,2021Q3
Microsoft,2021-12-31,5.87,3,10-Q,PaymentsToAcquirePropertyPlantAndEquipment,2021Q4
Microsoft,2022-03-31,5.34,3,10-Q,PaymentsToAcquirePropertyPlantAndEquipment,2022Q1
Microsoft,2022-06-30,6.87,12,10-K,PaymentsToAcquirePropertyPlantAndEquipment,2022Q2
Microsoft,2022-09-30,6.28,3,10-Q,PaymentsToAcquirePropertyPlantAndEquipment,2022Q3
Microsoft,2022-12-31,6.27,3,10-Q,PaymentsToAcquirePropertyPlantAndEquipment,2022Q4
Microsoft,2023-03-31,6.61,3,10-Q,PaymentsToAcquirePropertyPlantAndEquipment,2023Q1
Microsoft,2023-06-30,8.94,12,10-K,PaymentsToAcquirePropertyPlantAndEquipment,2023Q2
Microsoft,2023-09-30,9.92,3,10-Q,PaymentsToAcquirePropertyPlantAndEquipment,2023Q3
Microsoft,2023-12-31,9.73,3,10-Q,PaymentsToAcquirePropertyPlantAndEquipment,2023Q4
Microsoft,2024-03-31,10.95,3,10-Q,PaymentsToAcquirePropertyPlantAndEquipment,2024Q1
Microsoft,2024-06-30,13.87,12,10-K,PaymentsToAcquirePropertyPlantAndEquipment,2024Q2
Microsoft,2024-09-30,14.92,3,10-Q,PaymentsToAcquirePropertyPlantAndEquipment,2024Q3
Microsoft,2024-12-31,15.8,3,10-Q,PaymentsToAcquirePropertyPlantAndEquipment,2024Q4
Microsoft,2025-03-31,16.75,3,10-Q,PaymentsToAcquirePropertyPlantAndEquipment,2025Q1
Microsoft,2025-06-30,17.08,12,10-K,PaymentsToAcquirePropertyPlantAndEquipment,2025Q2
Microsoft,2025-09-30,19.39,3,10-Q,PaymentsToAcquirePropertyPlantAndEquipment,2025Q3
Microsoft,2025-12-31,29.88,3,10-Q,PaymentsToAcquirePropertyPlantAndEquipment,2025Q4
Microsoft,2026-03-31,30.88,3,10-Q,PaymentsToAcquirePropertyPlantAndEquipment,2026Q1
Microsoft,2026-06-30,35.8,12,10-K,PaymentsToAcquirePropertyPlantAndEquipment,2026Q2
