source_id,publisher,title,url,published,accessed,tier
TF-20221116,TrendForce,Global DRAM Revenue for 3Q22 Showed QoQ Drop of Almost 30%,https://www.trendforce.com/presscenter/news/20221116-11459.html,2022-11-16,2026-09-27,primary
TF-20230109,TrendForce,QoQ Decline in DRAM ASP Will Moderate to Around 13~18% for 1Q23,https://www.trendforce.com/presscenter/news/20230109-11533.html,2023-01-09,2026-09-27,primary
TF-20230220,TrendForce,Server DRAM Will Overtake Mobile DRAM in Supply in 2023,https://www.trendforce.com/presscenter/news/20230220-11572.html,2023-02-20,2026-09-27,primary
TF-20230302,TrendForce,Global DRAM Revenue Fell by More Than 30% for 4Q22,https://www.trendforce.com/presscenter/news/20230302-11588.html,2023-03-02,2026-09-27,primary
TF-20230328,TrendForce,Decline in DRAM ASP Narrows to 10~15% in 2Q23,https://www.trendforce.com/presscenter/news/20230328-11626.html,2023-03-28,2026-09-27,primary
TF-20230705,TrendForce,DRAM ASP Decline Narrows to 0~5% for 3Q23,https://www.trendforce.com/presscenter/news/20230705-11743.html,2023-07-05,2026-09-27,primary
TF-20230824,TrendForce,Q2 DRAM Industry Revenue Rebounds with a 20.4% Quarterly Increase,https://www.trendforce.com/presscenter/news/20230824-11805.html,2023-08-24,2026-09-27,primary
TF-20231204,TrendForce,"Contract Prices Bottom Out in Q3, Boosting DRAM Revenue by Nearly 20%",https://www.trendforce.com/presscenter/news/20231204-11942.html,2023-12-04,2026-09-27,primary
TF-20240205,TrendForce,Server DRAM 2024 Content per Box +17.3%,https://www.trendforce.com/presscenter/news/20240205-12021.html,2024-02-05,2026-09-27,primary
TF-20240305,TrendForce,DRAM Industry Sees Nearly 30% Revenue Growth in 4Q23,https://www.trendforce.com/presscenter/news/20240305-12060.html,2024-03-05,2026-09-27,primary
TF-20240613,TrendForce,"Contract Price Increases Offset Seasonal Slump, Boosting DRAM Q1 Revenue by 5.1%",https://www.trendforce.com/presscenter/news/20240613-12188.html,2024-06-13,2026-09-27,primary
TF-20240815,TrendForce,DRAM Industry Revenue Surges 24.8% in 2Q24,https://www.trendforce.com/presscenter/news/20240815-12254.html,2024-08-15,2026-09-27,primary
TF-20241126,TrendForce,Server DRAM and HBM Boost 3Q24 DRAM Industry Revenue by 13.6% QoQ,https://www.trendforce.com/presscenter/news/20241126-12380.html,2024-11-26,2026-09-27,primary
TF-20250227,TrendForce,4Q24 DRAM Industry Revenue Increases by 9.9% QoQ,https://www.trendforce.com/presscenter/news/20250227-12492.html,2025-02-27,2026-09-27,primary
TF-20250603,TrendForce,DRAM Revenue Drops 5.5% in the First Quarter of 2025,https://www.trendforce.com/presscenter/news/20250603-12603.html,2025-06-03,2026-09-27,primary
TF-20250902,TrendForce,2Q25 DRAM Revenue Jumps 17.1%,https://www.trendforce.com/presscenter/news/20250902-12694.html,2025-09-02,2026-09-27,primary
TF-20250924,TrendForce,DRAM Prices to Continue Rising in 4Q25,https://www.trendforce.com/presscenter/news/20250924-12733.html,2025-09-24,2026-09-27,primary
TF-20251113,TrendForce,Memory Industry to Maintain Cautious CapEx in 2026,https://www.trendforce.com/presscenter/news/20251113-12780.html,2025-11-13,2026-09-27,primary
TF-20251117,TrendForce,Rising Memory Prices Weigh on Consumer Markets; 2026 Outlook Revised Downward,https://www.trendforce.com/presscenter/news/20251117-12784.html,2025-11-17,2026-09-27,primary
TF-20251126,TrendForce,Global DRAM Revenue Jumps 30.9% in 3Q25,https://www.trendforce.com/presscenter/news/20251126-12802.html,2025-11-26,2026-09-27,primary
TF-20251218,TrendForce,Higher DDR5 Profitability Strengthening HBM3e Pricing Momentum in 2026,https://www.trendforce.com/presscenter/news/20251218-12843.html,2025-12-18,2026-09-27,primary
TF-20260105,TrendForce,Memory Makers Prioritize Server Applications in 1Q26,https://www.trendforce.com/presscenter/news/20260105-12860.html,2026-01-05,2026-09-27,primary
TF-20260202,TrendForce,Memory Price Outlook for 1Q26 Sharply Upgraded,https://www.trendforce.com/presscenter/news/20260202-12911.html,2026-02-02,2026-09-27,primary
TF-20260226,TrendForce,Price Rally Drives 4Q25 DRAM Revenue Up 29.4%,https://www.trendforce.com/presscenter/news/20260226-12937.html,2026-02-26,2026-09-27,primary
TF-20260331,TrendForce,AI Server Demand to Drive Memory Contract Price Increases in 2Q26,https://www.trendforce.com/presscenter/news/20260331-12995.html,2026-03-31,2026-09-27,primary
TF-20260601,TrendForce,Rapid Contract Price Surge Drives 1Q26 DRAM Industry Up 81% QoQ,https://www.trendforce.com/presscenter/news/20260601-13070.html,2026-06-01,2026-09-27,primary
TF-20260602,TrendForce,Tight DRAM Supply Gives Suppliers Greater Pricing Power in HBM,https://www.trendforce.com/presscenter/news/20260602-13074.html,2026-06-02,2026-09-27,primary
TF-20260703,TrendForce,AI Server Demand Continues to Support Memory Prices in 3Q26,https://www.trendforce.com/presscenter/news/20260703-13134.html,2026-07-03,2026-09-27,primary
TF-20260709,TrendForce,Server DRAM Contract Prices Expected to Rise 13-18% QoQ in 3Q26,https://www.trendforce.com/presscenter/news/20260709-13140.html,2026-07-09,2026-09-27,primary
TF-20260730,TrendForce,Diverging Memory Market Outlook in 2027,https://www.trendforce.com/presscenter/news/20260730-13158.html,2026-07-30,2026-09-27,primary
TF-20260907,TrendForce,DRAM Industry Revenue Rises 59.5% QoQ in 2Q26,https://www.trendforce.com/presscenter/news/20260907-13219.html,2026-09-07,2026-09-27,primary
MU-FQ1-22,MarketBeat (transcript),Micron FQ1-22 earnings call,https://www.marketbeat.com/earnings/reports/2021-12-20-micron-technology-inc-stock,2021-12-20,2026-09-27,secondary
MU-FQ2-22,MarketBeat (transcript),Micron FQ2-22 earnings call,https://www.marketbeat.com/earnings/reports/2022-3-29-micron-technology-inc-stock,2022-03-29,2026-09-27,secondary
MU-FQ3-22,MarketBeat (transcript),Micron FQ3-22 earnings call,https://www.marketbeat.com/earnings/transcripts/76332,2022-06-30,2026-09-27,secondary
MU-FQ4-22,MarketBeat (transcript),Micron FQ4-22 earnings call,https://www.marketbeat.com/earnings/transcripts/80054,2022-09-29,2026-09-27,secondary
MU-FQ1-23,MarketBeat (transcript),Micron FQ1-23 earnings call,https://www.marketbeat.com/earnings/transcripts/84325,2022-12-21,2026-09-27,secondary
MU-FQ2-23,Yahoo Finance (transcript),Micron FQ2-23 earnings call,https://finance.yahoo.com/news/micron-technology-inc-nasdaq-mu-100813695.html,2023-03-28,2026-09-27,secondary
MU-FQ3-23,Micron (prepared remarks),Micron FQ3-23 earnings call,https://investors.micron.com/static-files/5d57ee3a-72f3-40f2-99e5-51322403192b,2023-06-28,2026-09-27,primary
MU-FQ4-23,MarketBeat (transcript),Micron FQ4-23 earnings call,https://www.marketbeat.com/earnings/reports/2023-9-27-micron-technology-inc-stock,2023-09-27,2026-09-27,secondary
MU-FQ1-24,Yahoo Finance (transcript),Micron FQ1-24 earnings call,https://finance.yahoo.com/news/micron-technology-inc-nasdaq-mu-140047727.html,2023-12-20,2026-09-27,secondary
MU-FQ2-24,Yahoo Finance (transcript),Micron FQ2-24 earnings call,https://finance.yahoo.com/news/micron-technology-inc-nasdaq-mu-151930165.html,2024-03-20,2026-09-27,secondary
MU-FQ3-24,Micron (prepared remarks),Micron FQ3-24 earnings call,https://investors.micron.com/static-files/4550f98c-1054-4847-a929-c17d520a0564,2024-06-26,2026-09-27,primary
MU-FQ4-24,Motley Fool (transcript),Micron FQ4-24 earnings call,https://www.fool.com/earnings/call-transcripts/2024/10/10/micron-technology-mu-q4-2024-earnings-call-transcr/,2024-09-25,2026-09-27,secondary
MU-FQ1-25,Motley Fool (transcript),Micron FQ1-25 earnings call,https://www.fool.com/earnings/call-transcripts/2024/12/18/micron-technology-mu-q1-2025-earnings-call-transcr/,2024-12-18,2026-09-27,secondary
MU-FQ2-25,Motley Fool (transcript),Micron FQ2-25 earnings call,https://www.fool.com/earnings/call-transcripts/2025/03/20/micron-technology-mu-q2-2025-earnings-call-transcr/,2025-03-20,2026-09-27,secondary
MU-FQ3-25,Micron (prepared remarks),Micron FQ3-25 earnings call,https://investors.micron.com/static-files/39bb28c4-dd18-4097-a1fe-e5eb4956bcfc,2025-06-25,2026-09-27,primary
MU-FQ4-25,Micron (prepared remarks),Micron FQ4-25 earnings call,https://s25.q4cdn.com/621799436/files/doc_financials/2025/q4/Q4-2025-Prepared-Remarks-1.pdf,2025-09-23,2026-09-27,primary
MU-FQ1-26,Micron (prepared remarks),Micron FQ1-26 earnings call,https://s25.q4cdn.com/621799436/files/doc_financials/2026/q1/Micron_Q1-2026-Prepared-Remarks.pdf,2025-12-17,2026-09-27,primary
MU-FQ2-26,Micron (prepared remarks),Micron FQ2-26 earnings call,https://s25.q4cdn.com/621799436/files/doc_financials/2026/q2/Q2-2026-Prepared-Remarks.pdf,2026-03-18,2026-09-27,primary
MU-FQ3-26,Micron (prepared remarks),Micron FQ3-26 earnings call,https://s25.q4cdn.com/621799436/files/doc_events/2026/06/Q3-FY26-Prepared-Remarks.pdf,2026-06-24,2026-09-27,primary
SKH-2Q23,Alpha Spread (transcript),SK hynix 2Q23 earnings call,https://www.alphaspread.com/security/krx/000660/investor-relations/earnings-call/q2-2023,,2026-09-27,secondary
SKH-3Q23,Alpha Spread (transcript),SK hynix 3Q23 earnings call,https://www.alphaspread.com/security/krx/000660/investor-relations/earnings-call/q3-2023,,2026-09-27,secondary
SKH-4Q23,Alpha Spread (transcript),SK hynix 4Q23 earnings call,https://www.alphaspread.com/security/krx/000660/investor-relations/earnings-call/q4-2023,,2026-09-27,secondary
SKH-1Q24,Alpha Spread (transcript),SK hynix 1Q24 earnings call,https://www.alphaspread.com/security/krx/000660/investor-relations/earnings-call/q1-2024,,2026-09-27,secondary
SKH-2Q24,Alpha Spread (transcript),SK hynix 2Q24 earnings call,https://www.alphaspread.com/security/krx/000660/investor-relations/earnings-call/q2-2024,,2026-09-27,secondary
SKH-3Q24,Alpha Spread (transcript),SK hynix 3Q24 earnings call,https://www.alphaspread.com/security/krx/000660/investor-relations/earnings-call/q3-2024,,2026-09-27,secondary
SKH-4Q24,Alpha Spread (transcript),SK hynix 4Q24 earnings call,https://www.alphaspread.com/security/krx/000660/investor-relations/earnings-call/q4-2024,,2026-09-27,secondary
SKH-1Q25,Alpha Spread (transcript),SK hynix 1Q25 earnings call,https://www.alphaspread.com/security/krx/000660/investor-relations/earnings-call/q1-2025,,2026-09-27,secondary
SKH-2Q25,Alpha Spread (transcript),SK hynix 2Q25 earnings call,https://www.alphaspread.com/security/krx/000660/investor-relations/earnings-call/q2-2025,,2026-09-27,secondary
SKH-3Q25,Alpha Spread (transcript),SK hynix 3Q25 earnings call,https://www.alphaspread.com/security/krx/000660/investor-relations/earnings-call/q3-2025,,2026-09-27,secondary
SKH-4Q25,Alpha Spread (transcript),SK hynix 4Q25 earnings call,https://www.alphaspread.com/security/krx/000660/investor-relations/earnings-call/q4-2025,,2026-09-27,secondary
SKH-1Q26,Silicon Analysts (call review),SK hynix 1Q26 earnings call,https://siliconanalysts.com/analysis/sk-hynix-1q26-the-mix-cycle,2026-04-23,2026-09-27,secondary
SKH-2Q26,Yahoo Finance (transcript),SK hynix 2Q26 earnings call,https://finance.yahoo.com/quote/SKHY/earnings/SKHY-Q2-2026-earnings_call-653208.html,2026-07-28,2026-09-27,secondary
SKH-2Q26-SUMMARY,BigGo Finance (call summary),SK hynix 3Q26 guidance earnings call,https://finance.biggo.com/quote/000660.KS/earnings-call/KR_000660.KS_2026-07-28,2026-07-28,2026-09-27,secondary
FRED-PCU33443344,U.S. BLS via FRED,PPI: Semiconductor and Other Electronic Component Mfg,https://fred.stlouisfed.org/series/PCU33443344,,2026-09-27,primary
FRED-IPG3344S,Federal Reserve via FRED,Industrial Production: Semiconductor and Other Electronic Component,https://fred.stlouisfed.org/series/IPG3344S,,2026-09-27,primary
BOK-ECOS-402Y016,Bank of Korea ECOS,Export price index by item: DRAM (30911201AA),https://ecos.bok.or.kr/,,2026-09-27,primary
DART-OPENAPI,FSS OpenDART,"fnlttSinglAcnt (Samsung Electronics, SK hynix)",https://opendart.fss.or.kr/,,2026-09-27,primary
KCS-DATAGO-15100475,Korea Customs Service via data.go.kr,"Exports by item and country, HS 854232",https://www.data.go.kr/data/15100475/openapi.do,,2026-09-27,primary
SEC-XBRL,U.S. SEC EDGAR XBRL API,"companyconcept (capex, revenue, gross profit)",https://data.sec.gov/api/xbrl/companyconcept/,,2026-09-27,primary
TOMS-20260825,Tom's Hardware,Micron says the silicon gap between HBM and DDR5 is widening (Hot Chips 2026),https://www.tomshardware.com/tech-industry/semiconductors/micron-says-the-silicon-gap-between-hbm-and-ddr5-is-widening-with-every-generation,2026-08-25,2026-09-27,secondary
TFN-20251226,TrendForce News (reporting),AI to consume 20% of global DRAM wafer capacity in 2026,https://www.trendforce.com/news/2025/12/26/news-ai-reportedly-to-consume-20-of-global-dram-wafer-capacity-in-2026-hbm-gddr7-lead-demand/,2025-12-26,2026-09-27,secondary
TFN-20260409,TrendForce News (reporting),Samsung and SK hynix reset Big Tech memory contracts to 3-5 year LTAs,https://www.trendforce.com/news/2026/04/09/news-from-annual-deals-to-3-5-year-ltas-samsung-and-sk-hynix-reportedly-reset-big-tech-memory-contracts/,2026-04-09,2026-09-27,secondary
SAMMY-20260918,Sammy Fans (citing TrendForce),"Samsung, SK Hynix memory lead faces growing pressure from CXMT, Micron",https://www.sammyfans.com/2026/09/18/samsung-sk-hynixs-memory-lead-faces-growing-pressure-from-cxmt-micron/,2026-09-18,2026-09-27,secondary
SEDAILY-20260903,Seoul Economic Daily (citing Counterpoint),China's CXMT breaks 10 percent in global DRAM market,https://en.sedaily.com/finance/2026/09/03/chinas-cxmt-breaks-10-percent-in-global-dram-market,2026-09-03,2026-09-27,secondary
ZDNET-20260629,ZDNet Korea (citing Counterpoint),올해 D램 절반 이상 데이터센터로 향한다,https://zdnet.co.kr/view/?no=20260629103036,2026-06-29,2026-09-27,secondary
CP-SMARTPHONE-DRAM-2025,Counterpoint Research,Global Smartphone Average DRAM Hits Record 8.4GB in 2025,https://counterpointresearch.com/en/insights/Global-Smartphone-Average-DRAM-Hits-Record-8.4GB-in-2025,2026,2026-09-27,primary
TECHNOBABOY-20260714,Technobaboy (citing Omdia),Global average smartphone DRAM and NAND capacity climbs in 2026,https://www.technobaboy.com/2026/07/14/global-average-smartphone-dram-and-nand-capacity-climbs-in-2026/,2026-07-14,2026-09-27,secondary
ETNEWS-20260127,Electronic Times (citing Yole),"D램 부족 2027년까지 지속 전망, 올해 수요 23% 증가",https://www.etnews.com/20260127000216,2026-01-27,2026-09-27,secondary
THELEC-LTA-2026,The Elec,SK hynix locks in five years of chip demand with long-term deals,https://www.thelec.net/news/articleView.html?idxno=12631,2026-07,2026-09-27,secondary
NVDA-RUBIN-BLOG,NVIDIA Technical Blog,Inside the NVIDIA Vera Rubin Platform,https://developer.nvidia.com/blog/inside-the-nvidia-rubin-platform-six-new-chips-one-ai-supercomputer/,2026,2026-09-27,primary
NVDA-FQ2FY26,NVIDIA,Financial Results for Second Quarter Fiscal 2026,https://nvidianews.nvidia.com/news/nvidia-announces-financial-results-for-second-quarter-fiscal-2026,2025-08-27,2026-09-27,primary
NVDA-FQ3FY26,NVIDIA,Financial Results for Third Quarter Fiscal 2026,https://nvidianews.nvidia.com/news/nvidia-announces-financial-results-for-third-quarter-fiscal-2026,2025-11-19,2026-09-27,primary
NVDA-FQ4FY26,NVIDIA,Financial Results for Fourth Quarter and Fiscal 2026,https://nvidianews.nvidia.com/news/nvidia-announces-financial-results-for-fourth-quarter-and-fiscal-2026,2026-02-25,2026-09-27,primary
NVDA-FQ1FY27,NVIDIA (8-K),Financial Results for First Quarter Fiscal 2027,https://www.sec.gov/Archives/edgar/data/0001045810/000104581026000051/q1fy27pr.htm,2026-05-20,2026-09-27,primary
NVDA-FQ2FY27,NVIDIA (8-K),Financial Results for Second Quarter Fiscal 2027,https://www.sec.gov/Archives/edgar/data/0001045810/000104581026000073/q2fy27pr.htm,2026-08-26,2026-09-27,primary
VALUEADD-NVDA,Value Add VC (compiled from NVIDIA releases),NVIDIA revenue by segment and quarter,https://valueaddvc.com/blog/nvidia-revenue-2026-data-center-gaming-and-auto-breakdown-by-quarter,2026,2026-09-27,secondary
IDC-20260708,IDC,Worldwide PC shipments Q2 2026,https://www.idc.com/resource-center/press-releases/,2026-07-08,2026-09-27,primary
IDC-20260828,IDC,Smartphone market share Q2 2026 (final),https://www.idc.com/promo/smartphone-market-share/,2026-08-28,2026-09-27,primary
IDC-BLOG-2026FCST,IDC,Smartphone shipments set for record 16.7% drop in 2026,https://www.idc.com/resource-center/blog/smartphone-shipments-set-for-record-16-7-drop-in-2026-as-the-memory-crisis-hits-full-force/,2026-08,2026-09-27,primary
IDC-PR-2Q25,IDC,Worldwide Smartphone Market Grows 1.0% in Q2 2025,https://my.idc.com/getdoc.jsp?containerId=prUS53684525,2025-07,2026-09-27,primary
IDC-PR-3Q25,IDC,Worldwide Smartphone Market Grows 2.6% in Q3 2025,https://my.idc.com/getdoc.jsp?containerId=prUS53868725,2025-10,2026-09-27,primary
SEMITODAY-20230126,Semiconductor Today (citing IDC),Quarterly smartphone shipments fall 18.3% in Q4/2022,https://www.semiconductor-today.com/news_items/2023/jan/idc-260123.shtml,2023-01-26,2026-09-27,secondary
