stat_code,stat_name,item_code,item_name,month,value,unit
402Y016,4.3.1.3. 수출물가지수(품목별),30911201AA,DRAM,201901,173.75,2020=100
402Y016,4.3.1.3. 수출물가지수(품목별),30911201AA,DRAM,201901,173.75,2020=100
402Y016,4.3.1.3. 수출물가지수(품목별),30911201AA,DRAM,201901,164.96,2020=100
402Y016,4.3.1.3. 수출물가지수(품목별),30911201AA,DRAM,201902,161.72,2020=100
402Y016,4.3.1.3. 수출물가지수(품목별),30911201AA,DRAM,201902,161.72,2020=100
402Y016,4.3.1.3. 수출물가지수(품목별),30911201AA,DRAM,201902,153.61,2020=100
402Y016,4.3.1.3. 수출물가지수(품목별),30911201AA,DRAM,201903,152.29,2020=100
402Y016,4.3.1.3. 수출물가지수(품목별),30911201AA,DRAM,201903,152.29,2020=100
402Y016,4.3.1.3. 수출물가지수(품목별),30911201AA,DRAM,201903,145.7,2020=100
402Y016,4.3.1.3. 수출물가지수(품목별),30911201AA,DRAM,201904,136.04,2020=100
402Y016,4.3.1.3. 수출물가지수(품목별),30911201AA,DRAM,201904,136.04,2020=100
402Y016,4.3.1.3. 수출물가지수(품목별),30911201AA,DRAM,201904,131.31,2020=100
402Y016,4.3.1.3. 수출물가지수(품목별),30911201AA,DRAM,201905,130.56,2020=100
402Y016,4.3.1.3. 수출물가지수(품목별),30911201AA,DRAM,201905,130.56,2020=100
402Y016,4.3.1.3. 수출물가지수(품목별),30911201AA,DRAM,201905,130.72,2020=100
402Y016,4.3.1.3. 수출물가지수(품목별),30911201AA,DRAM,201906,124.46,2020=100
402Y016,4.3.1.3. 수출물가지수(품목별),30911201AA,DRAM,201906,124.46,2020=100
402Y016,4.3.1.3. 수출물가지수(품목별),30911201AA,DRAM,201906,123.8,2020=100
402Y016,4.3.1.3. 수출물가지수(품목별),30911201AA,DRAM,201907,107.12,2020=100
402Y016,4.3.1.3. 수출물가지수(품목별),30911201AA,DRAM,201907,107.12,2020=100
402Y016,4.3.1.3. 수출물가지수(품목별),30911201AA,DRAM,201907,106.52,2020=100
402Y016,4.3.1.3. 수출물가지수(품목별),30911201AA,DRAM,201908,106.73,2020=100
402Y016,4.3.1.3. 수출물가지수(품목별),30911201AA,DRAM,201908,106.73,2020=100
402Y016,4.3.1.3. 수출물가지수(품목별),30911201AA,DRAM,201908,109.18,2020=100
402Y016,4.3.1.3. 수출물가지수(품목별),30911201AA,DRAM,201909,106.73,2020=100
402Y016,4.3.1.3. 수출물가지수(품목별),30911201AA,DRAM,201909,106.73,2020=100
402Y016,4.3.1.3. 수출물가지수(품목별),30911201AA,DRAM,201909,108.15,2020=100
402Y016,4.3.1.3. 수출물가지수(품목별),30911201AA,DRAM,201910,100.17,2020=100
402Y016,4.3.1.3. 수출물가지수(품목별),30911201AA,DRAM,201910,100.17,2020=100
402Y016,4.3.1.3. 수출물가지수(품목별),30911201AA,DRAM,201910,100.36,2020=100
402Y016,4.3.1.3. 수출물가지수(품목별),30911201AA,DRAM,201911,99.92,2020=100
402Y016,4.3.1.3. 수출물가지수(품목별),30911201AA,DRAM,201911,99.92,2020=100
402Y016,4.3.1.3. 수출물가지수(품목별),30911201AA,DRAM,201911,98.69,2020=100
402Y016,4.3.1.3. 수출물가지수(품목별),30911201AA,DRAM,201912,99.74,2020=100
402Y016,4.3.1.3. 수출물가지수(품목별),30911201AA,DRAM,201912,99.74,2020=100
402Y016,4.3.1.3. 수출물가지수(품목별),30911201AA,DRAM,201912,99.24,2020=100
402Y016,4.3.1.3. 수출물가지수(품목별),30911201AA,DRAM,202001,98.19,2020=100
402Y016,4.3.1.3. 수출물가지수(품목별),30911201AA,DRAM,202001,98.19,2020=100
402Y016,4.3.1.3. 수출물가지수(품목별),30911201AA,DRAM,202001,96.73,2020=100
402Y016,4.3.1.3. 수출물가지수(품목별),30911201AA,DRAM,202002,98.42,2020=100
402Y016,4.3.1.3. 수출물가지수(품목별),30911201AA,DRAM,202002,98.42,2020=100
402Y016,4.3.1.3. 수출물가지수(품목별),30911201AA,DRAM,202002,99.41,2020=100
402Y016,4.3.1.3. 수출물가지수(품목별),30911201AA,DRAM,202003,99.28,2020=100
402Y016,4.3.1.3. 수출물가지수(품목별),30911201AA,DRAM,202003,99.28,2020=100
402Y016,4.3.1.3. 수출물가지수(품목별),30911201AA,DRAM,202003,102.51,2020=100
402Y016,4.3.1.3. 수출물가지수(품목별),30911201AA,DRAM,202004,106.21,2020=100
402Y016,4.3.1.3. 수출물가지수(품목별),30911201AA,DRAM,202004,106.21,2020=100
402Y016,4.3.1.3. 수출물가지수(품목별),30911201AA,DRAM,202004,110.11,2020=100
402Y016,4.3.1.3. 수출물가지수(품목별),30911201AA,DRAM,202005,106.34,2020=100
402Y016,4.3.1.3. 수출물가지수(품목별),30911201AA,DRAM,202005,106.34,2020=100
402Y016,4.3.1.3. 수출물가지수(품목별),30911201AA,DRAM,202005,110.56,2020=100
402Y016,4.3.1.3. 수출물가지수(품목별),30911201AA,DRAM,202006,106.34,2020=100
402Y016,4.3.1.3. 수출물가지수(품목별),30911201AA,DRAM,202006,106.34,2020=100
402Y016,4.3.1.3. 수출물가지수(품목별),30911201AA,DRAM,202006,108.89,2020=100
402Y016,4.3.1.3. 수출물가지수(품목별),30911201AA,DRAM,202007,100.42,2020=100
402Y016,4.3.1.3. 수출물가지수(품목별),30911201AA,DRAM,202007,100.42,2020=100
402Y016,4.3.1.3. 수출물가지수(품목별),30911201AA,DRAM,202007,101.88,2020=100
402Y016,4.3.1.3. 수출물가지수(품목별),30911201AA,DRAM,202008,100.42,2020=100
402Y016,4.3.1.3. 수출물가지수(품목별),30911201AA,DRAM,202008,100.42,2020=100
402Y016,4.3.1.3. 수출물가지수(품목별),30911201AA,DRAM,202008,100.86,2020=100
402Y016,4.3.1.3. 수출물가지수(품목별),30911201AA,DRAM,202009,100.42,2020=100
402Y016,4.3.1.3. 수출물가지수(품목별),30911201AA,DRAM,202009,100.42,2020=100
402Y016,4.3.1.3. 수출물가지수(품목별),30911201AA,DRAM,202009,100.18,2020=100
402Y016,4.3.1.3. 수출물가지수(품목별),30911201AA,DRAM,202010,94.65,2020=100
402Y016,4.3.1.3. 수출물가지수(품목별),30911201AA,DRAM,202010,94.65,2020=100
402Y016,4.3.1.3. 수출물가지수(품목별),30911201AA,DRAM,202010,91.69,2020=100
402Y016,4.3.1.3. 수출물가지수(품목별),30911201AA,DRAM,202011,94.65,2020=100
402Y016,4.3.1.3. 수출물가지수(품목별),30911201AA,DRAM,202011,94.65,2020=100
402Y016,4.3.1.3. 수출물가지수(품목별),30911201AA,DRAM,202011,89.46,2020=100
402Y016,4.3.1.3. 수출물가지수(품목별),30911201AA,DRAM,202012,94.65,2020=100
402Y016,4.3.1.3. 수출물가지수(품목별),30911201AA,DRAM,202012,94.65,2020=100
402Y016,4.3.1.3. 수출물가지수(품목별),30911201AA,DRAM,202012,87.72,2020=100
402Y016,4.3.1.3. 수출물가지수(품목별),30911201AA,DRAM,202101,97.8,2020=100
402Y016,4.3.1.3. 수출물가지수(품목별),30911201AA,DRAM,202101,97.8,2020=100
402Y016,4.3.1.3. 수출물가지수(품목별),30911201AA,DRAM,202101,90.84,2020=100
402Y016,4.3.1.3. 수출물가지수(품목별),30911201AA,DRAM,202102,97.94,2020=100
402Y016,4.3.1.3. 수출물가지수(품목별),30911201AA,DRAM,202102,97.94,2020=100
402Y016,4.3.1.3. 수출물가지수(품목별),30911201AA,DRAM,202102,92.15,2020=100
402Y016,4.3.1.3. 수출물가지수(품목별),30911201AA,DRAM,202103,97.94,2020=100
402Y016,4.3.1.3. 수출물가지수(품목별),30911201AA,DRAM,202103,97.94,2020=100
402Y016,4.3.1.3. 수출물가지수(품목별),30911201AA,DRAM,202103,93.75,2020=100
402Y016,4.3.1.3. 수출물가지수(품목별),30911201AA,DRAM,202104,115.45,2020=100
402Y016,4.3.1.3. 수출물가지수(품목별),30911201AA,DRAM,202104,115.45,2020=100
402Y016,4.3.1.3. 수출물가지수(품목별),30911201AA,DRAM,202104,109.36,2020=100
402Y016,4.3.1.3. 수출물가지수(품목별),30911201AA,DRAM,202105,115.45,2020=100
402Y016,4.3.1.3. 수출물가지수(품목별),30911201AA,DRAM,202105,115.45,2020=100
402Y016,4.3.1.3. 수출물가지수(품목별),30911201AA,DRAM,202105,109.74,2020=100
402Y016,4.3.1.3. 수출물가지수(품목별),30911201AA,DRAM,202106,115.45,2020=100
402Y016,4.3.1.3. 수출물가지수(품목별),30911201AA,DRAM,202106,115.45,2020=100
402Y016,4.3.1.3. 수출물가지수(품목별),30911201AA,DRAM,202106,109.55,2020=100
402Y016,4.3.1.3. 수출물가지수(품목별),30911201AA,DRAM,202107,123,2020=100
402Y016,4.3.1.3. 수출물가지수(품목별),30911201AA,DRAM,202107,123,2020=100
402Y016,4.3.1.3. 수출물가지수(품목별),30911201AA,DRAM,202107,119.08,2020=100
402Y016,4.3.1.3. 수출물가지수(품목별),30911201AA,DRAM,202108,123,2020=100
402Y016,4.3.1.3. 수출물가지수(품목별),30911201AA,DRAM,202108,123,2020=100
402Y016,4.3.1.3. 수출물가지수(품목별),30911201AA,DRAM,202108,120.77,2020=100
402Y016,4.3.1.3. 수출물가지수(품목별),30911201AA,DRAM,202109,123,2020=100
402Y016,4.3.1.3. 수출물가지수(품목별),30911201AA,DRAM,202109,123,2020=100
402Y016,4.3.1.3. 수출물가지수(품목별),30911201AA,DRAM,202109,121.72,2020=100
402Y016,4.3.1.3. 수출물가지수(품목별),30911201AA,DRAM,202110,116.01,2020=100
402Y016,4.3.1.3. 수출물가지수(품목별),30911201AA,DRAM,202110,116.01,2020=100
402Y016,4.3.1.3. 수출물가지수(품목별),30911201AA,DRAM,202110,116.13,2020=100
402Y016,4.3.1.3. 수출물가지수(품목별),30911201AA,DRAM,202111,116.01,2020=100
402Y016,4.3.1.3. 수출물가지수(품목별),30911201AA,DRAM,202111,116.01,2020=100
402Y016,4.3.1.3. 수출물가지수(품목별),30911201AA,DRAM,202111,116.15,2020=100
402Y016,4.3.1.3. 수출물가지수(품목별),30911201AA,DRAM,202112,116.01,2020=100
402Y016,4.3.1.3. 수출물가지수(품목별),30911201AA,DRAM,202112,116.01,2020=100
402Y016,4.3.1.3. 수출물가지수(품목별),30911201AA,DRAM,202112,116.21,2020=100
402Y016,4.3.1.3. 수출물가지수(품목별),30911201AA,DRAM,202201,103.39,2020=100
402Y016,4.3.1.3. 수출물가지수(품목별),30911201AA,DRAM,202201,103.39,2020=100
402Y016,4.3.1.3. 수출물가지수(품목별),30911201AA,DRAM,202201,104.47,2020=100
402Y016,4.3.1.3. 수출물가지수(품목별),30911201AA,DRAM,202202,103.39,2020=100
402Y016,4.3.1.3. 수출물가지수(품목별),30911201AA,DRAM,202202,103.39,2020=100
402Y016,4.3.1.3. 수출물가지수(품목별),30911201AA,DRAM,202202,104.85,2020=100
402Y016,4.3.1.3. 수출물가지수(품목별),30911201AA,DRAM,202203,103.39,2020=100
402Y016,4.3.1.3. 수출물가지수(품목별),30911201AA,DRAM,202203,103.39,2020=100
402Y016,4.3.1.3. 수출물가지수(품목별),30911201AA,DRAM,202203,106.84,2020=100
402Y016,4.3.1.3. 수출물가지수(품목별),30911201AA,DRAM,202204,102.71,2020=100
402Y016,4.3.1.3. 수출물가지수(품목별),30911201AA,DRAM,202204,102.71,2020=100
402Y016,4.3.1.3. 수출물가지수(품목별),30911201AA,DRAM,202204,107.13,2020=100
402Y016,4.3.1.3. 수출물가지수(품목별),30911201AA,DRAM,202205,102.14,2020=100
402Y016,4.3.1.3. 수출물가지수(품목별),30911201AA,DRAM,202205,102.14,2020=100
402Y016,4.3.1.3. 수출물가지수(품목별),30911201AA,DRAM,202205,109.77,2020=100
402Y016,4.3.1.3. 수출물가지수(품목별),30911201AA,DRAM,202206,101.67,2020=100
402Y016,4.3.1.3. 수출물가지수(품목별),30911201AA,DRAM,202206,101.67,2020=100
402Y016,4.3.1.3. 수출물가지수(품목별),30911201AA,DRAM,202206,109.91,2020=100
402Y016,4.3.1.3. 수출물가지수(품목별),30911201AA,DRAM,202207,90.59,2020=100
402Y016,4.3.1.3. 수출물가지수(품목별),30911201AA,DRAM,202207,90.59,2020=100
402Y016,4.3.1.3. 수출물가지수(품목별),30911201AA,DRAM,202207,100.25,2020=100
402Y016,4.3.1.3. 수출물가지수(품목별),30911201AA,DRAM,202208,90.31,2020=100
402Y016,4.3.1.3. 수출물가지수(품목별),30911201AA,DRAM,202208,90.31,2020=100
402Y016,4.3.1.3. 수출물가지수(품목별),30911201AA,DRAM,202208,100.77,2020=100
402Y016,4.3.1.3. 수출물가지수(품목별),30911201AA,DRAM,202209,87.77,2020=100
402Y016,4.3.1.3. 수출물가지수(품목별),30911201AA,DRAM,202209,87.77,2020=100
402Y016,4.3.1.3. 수출물가지수(품목별),30911201AA,DRAM,202209,103.38,2020=100
402Y016,4.3.1.3. 수출물가지수(품목별),30911201AA,DRAM,202210,71.77,2020=100
402Y016,4.3.1.3. 수출물가지수(품목별),30911201AA,DRAM,202210,71.77,2020=100
402Y016,4.3.1.3. 수출물가지수(품목별),30911201AA,DRAM,202210,86.66,2020=100
402Y016,4.3.1.3. 수출물가지수(품목별),30911201AA,DRAM,202211,71.77,2020=100
402Y016,4.3.1.3. 수출물가지수(품목별),30911201AA,DRAM,202211,71.77,2020=100
402Y016,4.3.1.3. 수출물가지수(품목별),30911201AA,DRAM,202211,82.86,2020=100
402Y016,4.3.1.3. 수출물가지수(품목별),30911201AA,DRAM,202212,70.92,2020=100
402Y016,4.3.1.3. 수출물가지수(품목별),30911201AA,DRAM,202212,70.92,2020=100
402Y016,4.3.1.3. 수출물가지수(품목별),30911201AA,DRAM,202212,77.8,2020=100
402Y016,4.3.1.3. 수출물가지수(품목별),30911201AA,DRAM,202301,61.81,2020=100
402Y016,4.3.1.3. 수출물가지수(품목별),30911201AA,DRAM,202301,61.81,2020=100
402Y016,4.3.1.3. 수출물가지수(품목별),30911201AA,DRAM,202301,65.24,2020=100
402Y016,4.3.1.3. 수출물가지수(품목별),30911201AA,DRAM,202302,60.59,2020=100
402Y016,4.3.1.3. 수출물가지수(품목별),30911201AA,DRAM,202302,60.59,2020=100
402Y016,4.3.1.3. 수출물가지수(품목별),30911201AA,DRAM,202302,65.17,2020=100
402Y016,4.3.1.3. 수출물가지수(품목별),30911201AA,DRAM,202303,60.18,2020=100
402Y016,4.3.1.3. 수출물가지수(품목별),30911201AA,DRAM,202303,60.18,2020=100
402Y016,4.3.1.3. 수출물가지수(품목별),30911201AA,DRAM,202303,66.5,2020=100
402Y016,4.3.1.3. 수출물가지수(품목별),30911201AA,DRAM,202304,50.94,2020=100
402Y016,4.3.1.3. 수출물가지수(품목별),30911201AA,DRAM,202304,50.94,2020=100
402Y016,4.3.1.3. 수출물가지수(품목별),30911201AA,DRAM,202304,56.91,2020=100
402Y016,4.3.1.3. 수출물가지수(품목별),30911201AA,DRAM,202305,50.86,2020=100
402Y016,4.3.1.3. 수출물가지수(품목별),30911201AA,DRAM,202305,50.86,2020=100
402Y016,4.3.1.3. 수출물가지수(품목별),30911201AA,DRAM,202305,57.18,2020=100
402Y016,4.3.1.3. 수출물가지수(품목별),30911201AA,DRAM,202306,50.06,2020=100
402Y016,4.3.1.3. 수출물가지수(품목별),30911201AA,DRAM,202306,50.06,2020=100
402Y016,4.3.1.3. 수출물가지수(품목별),30911201AA,DRAM,202306,54.93,2020=100
402Y016,4.3.1.3. 수출물가지수(품목별),30911201AA,DRAM,202307,49.53,2020=100
402Y016,4.3.1.3. 수출물가지수(품목별),30911201AA,DRAM,202307,49.53,2020=100
402Y016,4.3.1.3. 수출물가지수(품목별),30911201AA,DRAM,202307,53.92,2020=100
402Y016,4.3.1.3. 수출물가지수(품목별),30911201AA,DRAM,202308,49.51,2020=100
402Y016,4.3.1.3. 수출물가지수(품목별),30911201AA,DRAM,202308,49.51,2020=100
402Y016,4.3.1.3. 수출물가지수(품목별),30911201AA,DRAM,202308,55.24,2020=100
402Y016,4.3.1.3. 수출물가지수(품목별),30911201AA,DRAM,202309,49.51,2020=100
402Y016,4.3.1.3. 수출물가지수(품목별),30911201AA,DRAM,202309,49.51,2020=100
402Y016,4.3.1.3. 수출물가지수(품목별),30911201AA,DRAM,202309,55.7,2020=100
402Y016,4.3.1.3. 수출물가지수(품목별),30911201AA,DRAM,202310,53.57,2020=100
402Y016,4.3.1.3. 수출물가지수(품목별),30911201AA,DRAM,202310,53.57,2020=100
402Y016,4.3.1.3. 수출물가지수(품목별),30911201AA,DRAM,202310,61.24,2020=100
402Y016,4.3.1.3. 수출물가지수(품목별),30911201AA,DRAM,202311,54.25,2020=100
402Y016,4.3.1.3. 수출물가지수(품목별),30911201AA,DRAM,202311,54.25,2020=100
402Y016,4.3.1.3. 수출물가지수(품목별),30911201AA,DRAM,202311,60.16,2020=100
402Y016,4.3.1.3. 수출물가지수(품목별),30911201AA,DRAM,202312,55.27,2020=100
402Y016,4.3.1.3. 수출물가지수(품목별),30911201AA,DRAM,202312,55.27,2020=100
402Y016,4.3.1.3. 수출물가지수(품목별),30911201AA,DRAM,202312,61,2020=100
402Y016,4.3.1.3. 수출물가지수(품목별),30911201AA,DRAM,202401,63.36,2020=100
402Y016,4.3.1.3. 수출물가지수(품목별),30911201AA,DRAM,202401,63.36,2020=100
402Y016,4.3.1.3. 수출물가지수(품목별),30911201AA,DRAM,202401,70.98,2020=100
402Y016,4.3.1.3. 수출물가지수(품목별),30911201AA,DRAM,202402,64.22,2020=100
402Y016,4.3.1.3. 수출물가지수(품목별),30911201AA,DRAM,202402,64.22,2020=100
402Y016,4.3.1.3. 수출물가지수(품목별),30911201AA,DRAM,202402,72.38,2020=100
402Y016,4.3.1.3. 수출물가지수(품목별),30911201AA,DRAM,202403,64.83,2020=100
402Y016,4.3.1.3. 수출물가지수(품목별),30911201AA,DRAM,202403,64.83,2020=100
402Y016,4.3.1.3. 수출물가지수(품목별),30911201AA,DRAM,202403,73.02,2020=100
402Y016,4.3.1.3. 수출물가지수(품목별),30911201AA,DRAM,202404,73.25,2020=100
402Y016,4.3.1.3. 수출물가지수(품목별),30911201AA,DRAM,202404,73.25,2020=100
402Y016,4.3.1.3. 수출물가지수(품목별),30911201AA,DRAM,202404,84.8,2020=100
402Y016,4.3.1.3. 수출물가지수(품목별),30911201AA,DRAM,202405,73.32,2020=100
402Y016,4.3.1.3. 수출물가지수(품목별),30911201AA,DRAM,202405,73.32,2020=100
402Y016,4.3.1.3. 수출물가지수(품목별),30911201AA,DRAM,202405,84.74,2020=100
402Y016,4.3.1.3. 수출물가지수(품목별),30911201AA,DRAM,202406,73.61,2020=100
402Y016,4.3.1.3. 수출물가지수(품목별),30911201AA,DRAM,202406,73.61,2020=100
402Y016,4.3.1.3. 수출물가지수(품목별),30911201AA,DRAM,202406,85.99,2020=100
402Y016,4.3.1.3. 수출물가지수(품목별),30911201AA,DRAM,202407,77.96,2020=100
402Y016,4.3.1.3. 수출물가지수(품목별),30911201AA,DRAM,202407,77.96,2020=100
402Y016,4.3.1.3. 수출물가지수(품목별),30911201AA,DRAM,202407,91.28,2020=100
402Y016,4.3.1.3. 수출물가지수(품목별),30911201AA,DRAM,202408,77.86,2020=100
402Y016,4.3.1.3. 수출물가지수(품목별),30911201AA,DRAM,202408,77.86,2020=100
402Y016,4.3.1.3. 수출물가지수(품목별),30911201AA,DRAM,202408,89.24,2020=100
402Y016,4.3.1.3. 수출물가지수(품목별),30911201AA,DRAM,202409,76.63,2020=100
402Y016,4.3.1.3. 수출물가지수(품목별),30911201AA,DRAM,202409,76.63,2020=100
402Y016,4.3.1.3. 수출물가지수(품목별),30911201AA,DRAM,202409,86.57,2020=100
402Y016,4.3.1.3. 수출물가지수(품목별),30911201AA,DRAM,202410,75.26,2020=100
402Y016,4.3.1.3. 수출물가지수(품목별),30911201AA,DRAM,202410,75.26,2020=100
402Y016,4.3.1.3. 수출물가지수(품목별),30911201AA,DRAM,202410,86.7,2020=100
402Y016,4.3.1.3. 수출물가지수(품목별),30911201AA,DRAM,202411,74.03,2020=100
402Y016,4.3.1.3. 수출물가지수(품목별),30911201AA,DRAM,202411,74.03,2020=100
402Y016,4.3.1.3. 수출물가지수(품목별),30911201AA,DRAM,202411,87.32,2020=100
402Y016,4.3.1.3. 수출물가지수(품목별),30911201AA,DRAM,202412,73.99,2020=100
402Y016,4.3.1.3. 수출물가지수(품목별),30911201AA,DRAM,202412,73.99,2020=100
402Y016,4.3.1.3. 수출물가지수(품목별),30911201AA,DRAM,202412,89.83,2020=100
402Y016,4.3.1.3. 수출물가지수(품목별),30911201AA,DRAM,202501,72.77,2020=100
402Y016,4.3.1.3. 수출물가지수(품목별),30911201AA,DRAM,202501,72.77,2020=100
402Y016,4.3.1.3. 수출물가지수(품목별),30911201AA,DRAM,202501,89.66,2020=100
402Y016,4.3.1.3. 수출물가지수(품목별),30911201AA,DRAM,202502,70.7,2020=100
402Y016,4.3.1.3. 수출물가지수(품목별),30911201AA,DRAM,202502,70.7,2020=100
402Y016,4.3.1.3. 수출물가지수(품목별),30911201AA,DRAM,202502,86.5,2020=100
402Y016,4.3.1.3. 수출물가지수(품목별),30911201AA,DRAM,202503,71.44,2020=100
402Y016,4.3.1.3. 수출물가지수(품목별),30911201AA,DRAM,202503,71.44,2020=100
402Y016,4.3.1.3. 수출물가지수(품목별),30911201AA,DRAM,202503,88.1,2020=100
402Y016,4.3.1.3. 수출물가지수(품목별),30911201AA,DRAM,202504,72.36,2020=100
402Y016,4.3.1.3. 수출물가지수(품목별),30911201AA,DRAM,202504,72.36,2020=100
402Y016,4.3.1.3. 수출물가지수(품목별),30911201AA,DRAM,202504,88.46,2020=100
402Y016,4.3.1.3. 수출물가지수(품목별),30911201AA,DRAM,202505,74.63,2020=100
402Y016,4.3.1.3. 수출물가지수(품목별),30911201AA,DRAM,202505,74.63,2020=100
402Y016,4.3.1.3. 수출물가지수(품목별),30911201AA,DRAM,202505,88.08,2020=100
402Y016,4.3.1.3. 수출물가지수(품목별),30911201AA,DRAM,202506,74.72,2020=100
402Y016,4.3.1.3. 수출물가지수(품목별),30911201AA,DRAM,202506,74.72,2020=100
402Y016,4.3.1.3. 수출물가지수(품목별),30911201AA,DRAM,202506,86.45,2020=100
402Y016,4.3.1.3. 수출물가지수(품목별),30911201AA,DRAM,202507,80.81,2020=100
402Y016,4.3.1.3. 수출물가지수(품목별),30911201AA,DRAM,202507,80.81,2020=100
402Y016,4.3.1.3. 수출물가지수(품목별),30911201AA,DRAM,202507,94.06,2020=100
402Y016,4.3.1.3. 수출물가지수(품목별),30911201AA,DRAM,202508,80.98,2020=100
402Y016,4.3.1.3. 수출물가지수(품목별),30911201AA,DRAM,202508,80.98,2020=100
402Y016,4.3.1.3. 수출물가지수(품목별),30911201AA,DRAM,202508,95.25,2020=100
402Y016,4.3.1.3. 수출물가지수(품목별),30911201AA,DRAM,202509,83.16,2020=100
402Y016,4.3.1.3. 수출물가지수(품목별),30911201AA,DRAM,202509,83.16,2020=100
402Y016,4.3.1.3. 수출물가지수(품목별),30911201AA,DRAM,202509,97.98,2020=100
402Y016,4.3.1.3. 수출물가지수(품목별),30911201AA,DRAM,202510,97.3,2020=100
402Y016,4.3.1.3. 수출물가지수(품목별),30911201AA,DRAM,202510,97.3,2020=100
402Y016,4.3.1.3. 수출물가지수(품목별),30911201AA,DRAM,202510,117.22,2020=100
402Y016,4.3.1.3. 수출물가지수(품목별),30911201AA,DRAM,202511,109.03,2020=100
402Y016,4.3.1.3. 수출물가지수(품목별),30911201AA,DRAM,202511,109.03,2020=100
402Y016,4.3.1.3. 수출물가지수(품목별),30911201AA,DRAM,202511,134.53,2020=100
402Y016,4.3.1.3. 수출물가지수(품목별),30911201AA,DRAM,202512,111.22,2020=100
402Y016,4.3.1.3. 수출물가지수(품목별),30911201AA,DRAM,202512,111.22,2020=100
402Y016,4.3.1.3. 수출물가지수(품목별),30911201AA,DRAM,202512,138.14,2020=100
402Y016,4.3.1.3. 수출물가지수(품목별),30911201AA,DRAM,202601,147.44,2020=100
402Y016,4.3.1.3. 수출물가지수(품목별),30911201AA,DRAM,202601,147.44,2020=100
402Y016,4.3.1.3. 수출물가지수(품목별),30911201AA,DRAM,202601,181.78,2020=100
402Y016,4.3.1.3. 수출물가지수(품목별),30911201AA,DRAM,202602,157.62,2020=100
402Y016,4.3.1.3. 수출물가지수(품목별),30911201AA,DRAM,202602,157.62,2020=100
402Y016,4.3.1.3. 수출물가지수(품목별),30911201AA,DRAM,202602,193.35,2020=100
402Y016,4.3.1.3. 수출물가지수(품목별),30911201AA,DRAM,202603,187.19,2020=100
402Y016,4.3.1.3. 수출물가지수(품목별),30911201AA,DRAM,202603,187.19,2020=100
402Y016,4.3.1.3. 수출물가지수(품목별),30911201AA,DRAM,202603,235.54,2020=100
402Y016,4.3.1.3. 수출물가지수(품목별),30911201AA,DRAM,202604,233.82,2020=100
402Y016,4.3.1.3. 수출물가지수(품목별),30911201AA,DRAM,202604,233.82,2020=100
402Y016,4.3.1.3. 수출물가지수(품목별),30911201AA,DRAM,202604,294.36,2020=100
402Y016,4.3.1.3. 수출물가지수(품목별),30911201AA,DRAM,202605,251.21,2020=100
402Y016,4.3.1.3. 수출물가지수(품목별),30911201AA,DRAM,202605,251.21,2020=100
402Y016,4.3.1.3. 수출물가지수(품목별),30911201AA,DRAM,202605,316.85,2020=100
402Y016,4.3.1.3. 수출물가지수(품목별),30911201AA,DRAM,202606,252.74,2020=100
402Y016,4.3.1.3. 수출물가지수(품목별),30911201AA,DRAM,202606,252.74,2020=100
402Y016,4.3.1.3. 수출물가지수(품목별),30911201AA,DRAM,202606,326.71,2020=100
402Y016,4.3.1.3. 수출물가지수(품목별),30911201AA,DRAM,202607,274.79,2020=100
402Y016,4.3.1.3. 수출물가지수(품목별),30911201AA,DRAM,202607,274.79,2020=100
402Y016,4.3.1.3. 수출물가지수(품목별),30911201AA,DRAM,202607,348.29,2020=100
402Y016,4.3.1.3. 수출물가지수(품목별),30911201AA,DRAM,202608,282.77,2020=100
402Y016,4.3.1.3. 수출물가지수(품목별),30911201AA,DRAM,202608,282.77,2020=100
402Y016,4.3.1.3. 수출물가지수(품목별),30911201AA,DRAM,202608,336.59,2020=100
402Y016,4.3.1.3. 수출물가지수(품목별),30911201AA,DRAM,201901,173.75,2020=100
402Y016,4.3.1.3. 수출물가지수(품목별),30911201AA,DRAM,201901,173.75,2020=100
402Y016,4.3.1.3. 수출물가지수(품목별),30911201AA,DRAM,201901,164.96,2020=100
402Y016,4.3.1.3. 수출물가지수(품목별),30911201AA,DRAM,201902,161.72,2020=100
402Y016,4.3.1.3. 수출물가지수(품목별),30911201AA,DRAM,201902,161.72,2020=100
402Y016,4.3.1.3. 수출물가지수(품목별),30911201AA,DRAM,201902,153.61,2020=100
402Y016,4.3.1.3. 수출물가지수(품목별),30911201AA,DRAM,201903,152.29,2020=100
402Y016,4.3.1.3. 수출물가지수(품목별),30911201AA,DRAM,201903,152.29,2020=100
402Y016,4.3.1.3. 수출물가지수(품목별),30911201AA,DRAM,201903,145.7,2020=100
402Y016,4.3.1.3. 수출물가지수(품목별),30911201AA,DRAM,201904,136.04,2020=100
402Y016,4.3.1.3. 수출물가지수(품목별),30911201AA,DRAM,201904,136.04,2020=100
402Y016,4.3.1.3. 수출물가지수(품목별),30911201AA,DRAM,201904,131.31,2020=100
402Y016,4.3.1.3. 수출물가지수(품목별),30911201AA,DRAM,201905,130.56,2020=100
402Y016,4.3.1.3. 수출물가지수(품목별),30911201AA,DRAM,201905,130.56,2020=100
402Y016,4.3.1.3. 수출물가지수(품목별),30911201AA,DRAM,201905,130.72,2020=100
402Y016,4.3.1.3. 수출물가지수(품목별),30911201AA,DRAM,201906,124.46,2020=100
402Y016,4.3.1.3. 수출물가지수(품목별),30911201AA,DRAM,201906,124.46,2020=100
402Y016,4.3.1.3. 수출물가지수(품목별),30911201AA,DRAM,201906,123.8,2020=100
402Y016,4.3.1.3. 수출물가지수(품목별),30911201AA,DRAM,201907,107.12,2020=100
402Y016,4.3.1.3. 수출물가지수(품목별),30911201AA,DRAM,201907,107.12,2020=100
402Y016,4.3.1.3. 수출물가지수(품목별),30911201AA,DRAM,201907,106.52,2020=100
402Y016,4.3.1.3. 수출물가지수(품목별),30911201AA,DRAM,201908,106.73,2020=100
402Y016,4.3.1.3. 수출물가지수(품목별),30911201AA,DRAM,201908,106.73,2020=100
402Y016,4.3.1.3. 수출물가지수(품목별),30911201AA,DRAM,201908,109.18,2020=100
402Y016,4.3.1.3. 수출물가지수(품목별),30911201AA,DRAM,201909,106.73,2020=100
402Y016,4.3.1.3. 수출물가지수(품목별),30911201AA,DRAM,201909,106.73,2020=100
402Y016,4.3.1.3. 수출물가지수(품목별),30911201AA,DRAM,201909,108.15,2020=100
402Y016,4.3.1.3. 수출물가지수(품목별),30911201AA,DRAM,201910,100.17,2020=100
402Y016,4.3.1.3. 수출물가지수(품목별),30911201AA,DRAM,201910,100.17,2020=100
402Y016,4.3.1.3. 수출물가지수(품목별),30911201AA,DRAM,201910,100.36,2020=100
402Y016,4.3.1.3. 수출물가지수(품목별),30911201AA,DRAM,201911,99.92,2020=100
402Y016,4.3.1.3. 수출물가지수(품목별),30911201AA,DRAM,201911,99.92,2020=100
402Y016,4.3.1.3. 수출물가지수(품목별),30911201AA,DRAM,201911,98.69,2020=100
402Y016,4.3.1.3. 수출물가지수(품목별),30911201AA,DRAM,201912,99.74,2020=100
402Y016,4.3.1.3. 수출물가지수(품목별),30911201AA,DRAM,201912,99.74,2020=100
402Y016,4.3.1.3. 수출물가지수(품목별),30911201AA,DRAM,201912,99.24,2020=100
402Y016,4.3.1.3. 수출물가지수(품목별),30911201AA,DRAM,202001,98.19,2020=100
402Y016,4.3.1.3. 수출물가지수(품목별),30911201AA,DRAM,202001,98.19,2020=100
402Y016,4.3.1.3. 수출물가지수(품목별),30911201AA,DRAM,202001,96.73,2020=100
402Y016,4.3.1.3. 수출물가지수(품목별),30911201AA,DRAM,202002,98.42,2020=100
402Y016,4.3.1.3. 수출물가지수(품목별),30911201AA,DRAM,202002,98.42,2020=100
402Y016,4.3.1.3. 수출물가지수(품목별),30911201AA,DRAM,202002,99.41,2020=100
402Y016,4.3.1.3. 수출물가지수(품목별),30911201AA,DRAM,202003,99.28,2020=100
402Y016,4.3.1.3. 수출물가지수(품목별),30911201AA,DRAM,202003,99.28,2020=100
402Y016,4.3.1.3. 수출물가지수(품목별),30911201AA,DRAM,202003,102.51,2020=100
402Y016,4.3.1.3. 수출물가지수(품목별),30911201AA,DRAM,202004,106.21,2020=100
402Y016,4.3.1.3. 수출물가지수(품목별),30911201AA,DRAM,202004,106.21,2020=100
402Y016,4.3.1.3. 수출물가지수(품목별),30911201AA,DRAM,202004,110.11,2020=100
402Y016,4.3.1.3. 수출물가지수(품목별),30911201AA,DRAM,202005,106.34,2020=100
402Y016,4.3.1.3. 수출물가지수(품목별),30911201AA,DRAM,202005,106.34,2020=100
402Y016,4.3.1.3. 수출물가지수(품목별),30911201AA,DRAM,202005,110.56,2020=100
402Y016,4.3.1.3. 수출물가지수(품목별),30911201AA,DRAM,202006,106.34,2020=100
402Y016,4.3.1.3. 수출물가지수(품목별),30911201AA,DRAM,202006,106.34,2020=100
402Y016,4.3.1.3. 수출물가지수(품목별),30911201AA,DRAM,202006,108.89,2020=100
402Y016,4.3.1.3. 수출물가지수(품목별),30911201AA,DRAM,202007,100.42,2020=100
402Y016,4.3.1.3. 수출물가지수(품목별),30911201AA,DRAM,202007,100.42,2020=100
402Y016,4.3.1.3. 수출물가지수(품목별),30911201AA,DRAM,202007,101.88,2020=100
402Y016,4.3.1.3. 수출물가지수(품목별),30911201AA,DRAM,202008,100.42,2020=100
402Y016,4.3.1.3. 수출물가지수(품목별),30911201AA,DRAM,202008,100.42,2020=100
402Y016,4.3.1.3. 수출물가지수(품목별),30911201AA,DRAM,202008,100.86,2020=100
402Y016,4.3.1.3. 수출물가지수(품목별),30911201AA,DRAM,202009,100.42,2020=100
402Y016,4.3.1.3. 수출물가지수(품목별),30911201AA,DRAM,202009,100.42,2020=100
402Y016,4.3.1.3. 수출물가지수(품목별),30911201AA,DRAM,202009,100.18,2020=100
402Y016,4.3.1.3. 수출물가지수(품목별),30911201AA,DRAM,202010,94.65,2020=100
402Y016,4.3.1.3. 수출물가지수(품목별),30911201AA,DRAM,202010,94.65,2020=100
402Y016,4.3.1.3. 수출물가지수(품목별),30911201AA,DRAM,202010,91.69,2020=100
402Y016,4.3.1.3. 수출물가지수(품목별),30911201AA,DRAM,202011,94.65,2020=100
402Y016,4.3.1.3. 수출물가지수(품목별),30911201AA,DRAM,202011,94.65,2020=100
402Y016,4.3.1.3. 수출물가지수(품목별),30911201AA,DRAM,202011,89.46,2020=100
402Y016,4.3.1.3. 수출물가지수(품목별),30911201AA,DRAM,202012,94.65,2020=100
402Y016,4.3.1.3. 수출물가지수(품목별),30911201AA,DRAM,202012,94.65,2020=100
402Y016,4.3.1.3. 수출물가지수(품목별),30911201AA,DRAM,202012,87.72,2020=100
402Y016,4.3.1.3. 수출물가지수(품목별),30911201AA,DRAM,202101,97.8,2020=100
402Y016,4.3.1.3. 수출물가지수(품목별),30911201AA,DRAM,202101,97.8,2020=100
402Y016,4.3.1.3. 수출물가지수(품목별),30911201AA,DRAM,202101,90.84,2020=100
402Y016,4.3.1.3. 수출물가지수(품목별),30911201AA,DRAM,202102,97.94,2020=100
402Y016,4.3.1.3. 수출물가지수(품목별),30911201AA,DRAM,202102,97.94,2020=100
402Y016,4.3.1.3. 수출물가지수(품목별),30911201AA,DRAM,202102,92.15,2020=100
402Y016,4.3.1.3. 수출물가지수(품목별),30911201AA,DRAM,202103,97.94,2020=100
402Y016,4.3.1.3. 수출물가지수(품목별),30911201AA,DRAM,202103,97.94,2020=100
402Y016,4.3.1.3. 수출물가지수(품목별),30911201AA,DRAM,202103,93.75,2020=100
402Y016,4.3.1.3. 수출물가지수(품목별),30911201AA,DRAM,202104,115.45,2020=100
402Y016,4.3.1.3. 수출물가지수(품목별),30911201AA,DRAM,202104,115.45,2020=100
402Y016,4.3.1.3. 수출물가지수(품목별),30911201AA,DRAM,202104,109.36,2020=100
402Y016,4.3.1.3. 수출물가지수(품목별),30911201AA,DRAM,202105,115.45,2020=100
402Y016,4.3.1.3. 수출물가지수(품목별),30911201AA,DRAM,202105,115.45,2020=100
402Y016,4.3.1.3. 수출물가지수(품목별),30911201AA,DRAM,202105,109.74,2020=100
402Y016,4.3.1.3. 수출물가지수(품목별),30911201AA,DRAM,202106,115.45,2020=100
402Y016,4.3.1.3. 수출물가지수(품목별),30911201AA,DRAM,202106,115.45,2020=100
402Y016,4.3.1.3. 수출물가지수(품목별),30911201AA,DRAM,202106,109.55,2020=100
402Y016,4.3.1.3. 수출물가지수(품목별),30911201AA,DRAM,202107,123,2020=100
402Y016,4.3.1.3. 수출물가지수(품목별),30911201AA,DRAM,202107,123,2020=100
402Y016,4.3.1.3. 수출물가지수(품목별),30911201AA,DRAM,202107,119.08,2020=100
402Y016,4.3.1.3. 수출물가지수(품목별),30911201AA,DRAM,202108,123,2020=100
402Y016,4.3.1.3. 수출물가지수(품목별),30911201AA,DRAM,202108,123,2020=100
402Y016,4.3.1.3. 수출물가지수(품목별),30911201AA,DRAM,202108,120.77,2020=100
402Y016,4.3.1.3. 수출물가지수(품목별),30911201AA,DRAM,202109,123,2020=100
402Y016,4.3.1.3. 수출물가지수(품목별),30911201AA,DRAM,202109,123,2020=100
402Y016,4.3.1.3. 수출물가지수(품목별),30911201AA,DRAM,202109,121.72,2020=100
402Y016,4.3.1.3. 수출물가지수(품목별),30911201AA,DRAM,202110,116.01,2020=100
402Y016,4.3.1.3. 수출물가지수(품목별),30911201AA,DRAM,202110,116.01,2020=100
402Y016,4.3.1.3. 수출물가지수(품목별),30911201AA,DRAM,202110,116.13,2020=100
402Y016,4.3.1.3. 수출물가지수(품목별),30911201AA,DRAM,202111,116.01,2020=100
402Y016,4.3.1.3. 수출물가지수(품목별),30911201AA,DRAM,202111,116.01,2020=100
402Y016,4.3.1.3. 수출물가지수(품목별),30911201AA,DRAM,202111,116.15,2020=100
402Y016,4.3.1.3. 수출물가지수(품목별),30911201AA,DRAM,202112,116.01,2020=100
402Y016,4.3.1.3. 수출물가지수(품목별),30911201AA,DRAM,202112,116.01,2020=100
402Y016,4.3.1.3. 수출물가지수(품목별),30911201AA,DRAM,202112,116.21,2020=100
402Y016,4.3.1.3. 수출물가지수(품목별),30911201AA,DRAM,202201,103.39,2020=100
402Y016,4.3.1.3. 수출물가지수(품목별),30911201AA,DRAM,202201,103.39,2020=100
402Y016,4.3.1.3. 수출물가지수(품목별),30911201AA,DRAM,202201,104.47,2020=100
402Y016,4.3.1.3. 수출물가지수(품목별),30911201AA,DRAM,202202,103.39,2020=100
402Y016,4.3.1.3. 수출물가지수(품목별),30911201AA,DRAM,202202,103.39,2020=100
402Y016,4.3.1.3. 수출물가지수(품목별),30911201AA,DRAM,202202,104.85,2020=100
402Y016,4.3.1.3. 수출물가지수(품목별),30911201AA,DRAM,202203,103.39,2020=100
402Y016,4.3.1.3. 수출물가지수(품목별),30911201AA,DRAM,202203,103.39,2020=100
402Y016,4.3.1.3. 수출물가지수(품목별),30911201AA,DRAM,202203,106.84,2020=100
402Y016,4.3.1.3. 수출물가지수(품목별),30911201AA,DRAM,202204,102.71,2020=100
402Y016,4.3.1.3. 수출물가지수(품목별),30911201AA,DRAM,202204,102.71,2020=100
402Y016,4.3.1.3. 수출물가지수(품목별),30911201AA,DRAM,202204,107.13,2020=100
402Y016,4.3.1.3. 수출물가지수(품목별),30911201AA,DRAM,202205,102.14,2020=100
402Y016,4.3.1.3. 수출물가지수(품목별),30911201AA,DRAM,202205,102.14,2020=100
402Y016,4.3.1.3. 수출물가지수(품목별),30911201AA,DRAM,202205,109.77,2020=100
402Y016,4.3.1.3. 수출물가지수(품목별),30911201AA,DRAM,202206,101.67,2020=100
402Y016,4.3.1.3. 수출물가지수(품목별),30911201AA,DRAM,202206,101.67,2020=100
402Y016,4.3.1.3. 수출물가지수(품목별),30911201AA,DRAM,202206,109.91,2020=100
402Y016,4.3.1.3. 수출물가지수(품목별),30911201AA,DRAM,202207,90.59,2020=100
402Y016,4.3.1.3. 수출물가지수(품목별),30911201AA,DRAM,202207,90.59,2020=100
402Y016,4.3.1.3. 수출물가지수(품목별),30911201AA,DRAM,202207,100.25,2020=100
402Y016,4.3.1.3. 수출물가지수(품목별),30911201AA,DRAM,202208,90.31,2020=100
402Y016,4.3.1.3. 수출물가지수(품목별),30911201AA,DRAM,202208,90.31,2020=100
402Y016,4.3.1.3. 수출물가지수(품목별),30911201AA,DRAM,202208,100.77,2020=100
402Y016,4.3.1.3. 수출물가지수(품목별),30911201AA,DRAM,202209,87.77,2020=100
402Y016,4.3.1.3. 수출물가지수(품목별),30911201AA,DRAM,202209,87.77,2020=100
402Y016,4.3.1.3. 수출물가지수(품목별),30911201AA,DRAM,202209,103.38,2020=100
402Y016,4.3.1.3. 수출물가지수(품목별),30911201AA,DRAM,202210,71.77,2020=100
402Y016,4.3.1.3. 수출물가지수(품목별),30911201AA,DRAM,202210,71.77,2020=100
402Y016,4.3.1.3. 수출물가지수(품목별),30911201AA,DRAM,202210,86.66,2020=100
402Y016,4.3.1.3. 수출물가지수(품목별),30911201AA,DRAM,202211,71.77,2020=100
402Y016,4.3.1.3. 수출물가지수(품목별),30911201AA,DRAM,202211,71.77,2020=100
402Y016,4.3.1.3. 수출물가지수(품목별),30911201AA,DRAM,202211,82.86,2020=100
402Y016,4.3.1.3. 수출물가지수(품목별),30911201AA,DRAM,202212,70.92,2020=100
402Y016,4.3.1.3. 수출물가지수(품목별),30911201AA,DRAM,202212,70.92,2020=100
402Y016,4.3.1.3. 수출물가지수(품목별),30911201AA,DRAM,202212,77.8,2020=100
402Y016,4.3.1.3. 수출물가지수(품목별),30911201AA,DRAM,202301,61.81,2020=100
402Y016,4.3.1.3. 수출물가지수(품목별),30911201AA,DRAM,202301,61.81,2020=100
402Y016,4.3.1.3. 수출물가지수(품목별),30911201AA,DRAM,202301,65.24,2020=100
402Y016,4.3.1.3. 수출물가지수(품목별),30911201AA,DRAM,202302,60.59,2020=100
402Y016,4.3.1.3. 수출물가지수(품목별),30911201AA,DRAM,202302,60.59,2020=100
402Y016,4.3.1.3. 수출물가지수(품목별),30911201AA,DRAM,202302,65.17,2020=100
402Y016,4.3.1.3. 수출물가지수(품목별),30911201AA,DRAM,202303,60.18,2020=100
402Y016,4.3.1.3. 수출물가지수(품목별),30911201AA,DRAM,202303,60.18,2020=100
402Y016,4.3.1.3. 수출물가지수(품목별),30911201AA,DRAM,202303,66.5,2020=100
402Y016,4.3.1.3. 수출물가지수(품목별),30911201AA,DRAM,202304,50.94,2020=100
402Y016,4.3.1.3. 수출물가지수(품목별),30911201AA,DRAM,202304,50.94,2020=100
402Y016,4.3.1.3. 수출물가지수(품목별),30911201AA,DRAM,202304,56.91,2020=100
402Y016,4.3.1.3. 수출물가지수(품목별),30911201AA,DRAM,202305,50.86,2020=100
402Y016,4.3.1.3. 수출물가지수(품목별),30911201AA,DRAM,202305,50.86,2020=100
402Y016,4.3.1.3. 수출물가지수(품목별),30911201AA,DRAM,202305,57.18,2020=100
402Y016,4.3.1.3. 수출물가지수(품목별),30911201AA,DRAM,202306,50.06,2020=100
402Y016,4.3.1.3. 수출물가지수(품목별),30911201AA,DRAM,202306,50.06,2020=100
402Y016,4.3.1.3. 수출물가지수(품목별),30911201AA,DRAM,202306,54.93,2020=100
402Y016,4.3.1.3. 수출물가지수(품목별),30911201AA,DRAM,202307,49.53,2020=100
402Y016,4.3.1.3. 수출물가지수(품목별),30911201AA,DRAM,202307,49.53,2020=100
402Y016,4.3.1.3. 수출물가지수(품목별),30911201AA,DRAM,202307,53.92,2020=100
402Y016,4.3.1.3. 수출물가지수(품목별),30911201AA,DRAM,202308,49.51,2020=100
402Y016,4.3.1.3. 수출물가지수(품목별),30911201AA,DRAM,202308,49.51,2020=100
402Y016,4.3.1.3. 수출물가지수(품목별),30911201AA,DRAM,202308,55.24,2020=100
402Y016,4.3.1.3. 수출물가지수(품목별),30911201AA,DRAM,202309,49.51,2020=100
402Y016,4.3.1.3. 수출물가지수(품목별),30911201AA,DRAM,202309,49.51,2020=100
402Y016,4.3.1.3. 수출물가지수(품목별),30911201AA,DRAM,202309,55.7,2020=100
402Y016,4.3.1.3. 수출물가지수(품목별),30911201AA,DRAM,202310,53.57,2020=100
402Y016,4.3.1.3. 수출물가지수(품목별),30911201AA,DRAM,202310,53.57,2020=100
402Y016,4.3.1.3. 수출물가지수(품목별),30911201AA,DRAM,202310,61.24,2020=100
402Y016,4.3.1.3. 수출물가지수(품목별),30911201AA,DRAM,202311,54.25,2020=100
402Y016,4.3.1.3. 수출물가지수(품목별),30911201AA,DRAM,202311,54.25,2020=100
402Y016,4.3.1.3. 수출물가지수(품목별),30911201AA,DRAM,202311,60.16,2020=100
402Y016,4.3.1.3. 수출물가지수(품목별),30911201AA,DRAM,202312,55.27,2020=100
402Y016,4.3.1.3. 수출물가지수(품목별),30911201AA,DRAM,202312,55.27,2020=100
402Y016,4.3.1.3. 수출물가지수(품목별),30911201AA,DRAM,202312,61,2020=100
402Y016,4.3.1.3. 수출물가지수(품목별),30911201AA,DRAM,202401,63.36,2020=100
402Y016,4.3.1.3. 수출물가지수(품목별),30911201AA,DRAM,202401,63.36,2020=100
402Y016,4.3.1.3. 수출물가지수(품목별),30911201AA,DRAM,202401,70.98,2020=100
402Y016,4.3.1.3. 수출물가지수(품목별),30911201AA,DRAM,202402,64.22,2020=100
402Y016,4.3.1.3. 수출물가지수(품목별),30911201AA,DRAM,202402,64.22,2020=100
402Y016,4.3.1.3. 수출물가지수(품목별),30911201AA,DRAM,202402,72.38,2020=100
402Y016,4.3.1.3. 수출물가지수(품목별),30911201AA,DRAM,202403,64.83,2020=100
402Y016,4.3.1.3. 수출물가지수(품목별),30911201AA,DRAM,202403,64.83,2020=100
402Y016,4.3.1.3. 수출물가지수(품목별),30911201AA,DRAM,202403,73.02,2020=100
402Y016,4.3.1.3. 수출물가지수(품목별),30911201AA,DRAM,202404,73.25,2020=100
402Y016,4.3.1.3. 수출물가지수(품목별),30911201AA,DRAM,202404,73.25,2020=100
402Y016,4.3.1.3. 수출물가지수(품목별),30911201AA,DRAM,202404,84.8,2020=100
402Y016,4.3.1.3. 수출물가지수(품목별),30911201AA,DRAM,202405,73.32,2020=100
402Y016,4.3.1.3. 수출물가지수(품목별),30911201AA,DRAM,202405,73.32,2020=100
402Y016,4.3.1.3. 수출물가지수(품목별),30911201AA,DRAM,202405,84.74,2020=100
402Y016,4.3.1.3. 수출물가지수(품목별),30911201AA,DRAM,202406,73.61,2020=100
402Y016,4.3.1.3. 수출물가지수(품목별),30911201AA,DRAM,202406,73.61,2020=100
402Y016,4.3.1.3. 수출물가지수(품목별),30911201AA,DRAM,202406,85.99,2020=100
402Y016,4.3.1.3. 수출물가지수(품목별),30911201AA,DRAM,202407,77.96,2020=100
402Y016,4.3.1.3. 수출물가지수(품목별),30911201AA,DRAM,202407,77.96,2020=100
402Y016,4.3.1.3. 수출물가지수(품목별),30911201AA,DRAM,202407,91.28,2020=100
402Y016,4.3.1.3. 수출물가지수(품목별),30911201AA,DRAM,202408,77.86,2020=100
402Y016,4.3.1.3. 수출물가지수(품목별),30911201AA,DRAM,202408,77.86,2020=100
402Y016,4.3.1.3. 수출물가지수(품목별),30911201AA,DRAM,202408,89.24,2020=100
402Y016,4.3.1.3. 수출물가지수(품목별),30911201AA,DRAM,202409,76.63,2020=100
402Y016,4.3.1.3. 수출물가지수(품목별),30911201AA,DRAM,202409,76.63,2020=100
402Y016,4.3.1.3. 수출물가지수(품목별),30911201AA,DRAM,202409,86.57,2020=100
402Y016,4.3.1.3. 수출물가지수(품목별),30911201AA,DRAM,202410,75.26,2020=100
402Y016,4.3.1.3. 수출물가지수(품목별),30911201AA,DRAM,202410,75.26,2020=100
402Y016,4.3.1.3. 수출물가지수(품목별),30911201AA,DRAM,202410,86.7,2020=100
402Y016,4.3.1.3. 수출물가지수(품목별),30911201AA,DRAM,202411,74.03,2020=100
402Y016,4.3.1.3. 수출물가지수(품목별),30911201AA,DRAM,202411,74.03,2020=100
402Y016,4.3.1.3. 수출물가지수(품목별),30911201AA,DRAM,202411,87.32,2020=100
402Y016,4.3.1.3. 수출물가지수(품목별),30911201AA,DRAM,202412,73.99,2020=100
402Y016,4.3.1.3. 수출물가지수(품목별),30911201AA,DRAM,202412,73.99,2020=100
402Y016,4.3.1.3. 수출물가지수(품목별),30911201AA,DRAM,202412,89.83,2020=100
402Y016,4.3.1.3. 수출물가지수(품목별),30911201AA,DRAM,202501,72.77,2020=100
402Y016,4.3.1.3. 수출물가지수(품목별),30911201AA,DRAM,202501,72.77,2020=100
402Y016,4.3.1.3. 수출물가지수(품목별),30911201AA,DRAM,202501,89.66,2020=100
402Y016,4.3.1.3. 수출물가지수(품목별),30911201AA,DRAM,202502,70.7,2020=100
402Y016,4.3.1.3. 수출물가지수(품목별),30911201AA,DRAM,202502,70.7,2020=100
402Y016,4.3.1.3. 수출물가지수(품목별),30911201AA,DRAM,202502,86.5,2020=100
402Y016,4.3.1.3. 수출물가지수(품목별),30911201AA,DRAM,202503,71.44,2020=100
402Y016,4.3.1.3. 수출물가지수(품목별),30911201AA,DRAM,202503,71.44,2020=100
402Y016,4.3.1.3. 수출물가지수(품목별),30911201AA,DRAM,202503,88.1,2020=100
402Y016,4.3.1.3. 수출물가지수(품목별),30911201AA,DRAM,202504,72.36,2020=100
402Y016,4.3.1.3. 수출물가지수(품목별),30911201AA,DRAM,202504,72.36,2020=100
402Y016,4.3.1.3. 수출물가지수(품목별),30911201AA,DRAM,202504,88.46,2020=100
402Y016,4.3.1.3. 수출물가지수(품목별),30911201AA,DRAM,202505,74.63,2020=100
402Y016,4.3.1.3. 수출물가지수(품목별),30911201AA,DRAM,202505,74.63,2020=100
402Y016,4.3.1.3. 수출물가지수(품목별),30911201AA,DRAM,202505,88.08,2020=100
402Y016,4.3.1.3. 수출물가지수(품목별),30911201AA,DRAM,202506,74.72,2020=100
402Y016,4.3.1.3. 수출물가지수(품목별),30911201AA,DRAM,202506,74.72,2020=100
402Y016,4.3.1.3. 수출물가지수(품목별),30911201AA,DRAM,202506,86.45,2020=100
402Y016,4.3.1.3. 수출물가지수(품목별),30911201AA,DRAM,202507,80.81,2020=100
402Y016,4.3.1.3. 수출물가지수(품목별),30911201AA,DRAM,202507,80.81,2020=100
402Y016,4.3.1.3. 수출물가지수(품목별),30911201AA,DRAM,202507,94.06,2020=100
402Y016,4.3.1.3. 수출물가지수(품목별),30911201AA,DRAM,202508,80.98,2020=100
402Y016,4.3.1.3. 수출물가지수(품목별),30911201AA,DRAM,202508,80.98,2020=100
402Y016,4.3.1.3. 수출물가지수(품목별),30911201AA,DRAM,202508,95.25,2020=100
402Y016,4.3.1.3. 수출물가지수(품목별),30911201AA,DRAM,202509,83.16,2020=100
402Y016,4.3.1.3. 수출물가지수(품목별),30911201AA,DRAM,202509,83.16,2020=100
402Y016,4.3.1.3. 수출물가지수(품목별),30911201AA,DRAM,202509,97.98,2020=100
402Y016,4.3.1.3. 수출물가지수(품목별),30911201AA,DRAM,202510,97.3,2020=100
402Y016,4.3.1.3. 수출물가지수(품목별),30911201AA,DRAM,202510,97.3,2020=100
402Y016,4.3.1.3. 수출물가지수(품목별),30911201AA,DRAM,202510,117.22,2020=100
402Y016,4.3.1.3. 수출물가지수(품목별),30911201AA,DRAM,202511,109.03,2020=100
402Y016,4.3.1.3. 수출물가지수(품목별),30911201AA,DRAM,202511,109.03,2020=100
402Y016,4.3.1.3. 수출물가지수(품목별),30911201AA,DRAM,202511,134.53,2020=100
402Y016,4.3.1.3. 수출물가지수(품목별),30911201AA,DRAM,202512,111.22,2020=100
402Y016,4.3.1.3. 수출물가지수(품목별),30911201AA,DRAM,202512,111.22,2020=100
402Y016,4.3.1.3. 수출물가지수(품목별),30911201AA,DRAM,202512,138.14,2020=100
402Y016,4.3.1.3. 수출물가지수(품목별),30911201AA,DRAM,202601,147.44,2020=100
402Y016,4.3.1.3. 수출물가지수(품목별),30911201AA,DRAM,202601,147.44,2020=100
402Y016,4.3.1.3. 수출물가지수(품목별),30911201AA,DRAM,202601,181.78,2020=100
402Y016,4.3.1.3. 수출물가지수(품목별),30911201AA,DRAM,202602,157.62,2020=100
402Y016,4.3.1.3. 수출물가지수(품목별),30911201AA,DRAM,202602,157.62,2020=100
402Y016,4.3.1.3. 수출물가지수(품목별),30911201AA,DRAM,202602,193.35,2020=100
402Y016,4.3.1.3. 수출물가지수(품목별),30911201AA,DRAM,202603,187.19,2020=100
402Y016,4.3.1.3. 수출물가지수(품목별),30911201AA,DRAM,202603,187.19,2020=100
402Y016,4.3.1.3. 수출물가지수(품목별),30911201AA,DRAM,202603,235.54,2020=100
402Y016,4.3.1.3. 수출물가지수(품목별),30911201AA,DRAM,202604,233.82,2020=100
402Y016,4.3.1.3. 수출물가지수(품목별),30911201AA,DRAM,202604,233.82,2020=100
402Y016,4.3.1.3. 수출물가지수(품목별),30911201AA,DRAM,202604,294.36,2020=100
402Y016,4.3.1.3. 수출물가지수(품목별),30911201AA,DRAM,202605,251.21,2020=100
402Y016,4.3.1.3. 수출물가지수(품목별),30911201AA,DRAM,202605,251.21,2020=100
402Y016,4.3.1.3. 수출물가지수(품목별),30911201AA,DRAM,202605,316.85,2020=100
402Y016,4.3.1.3. 수출물가지수(품목별),30911201AA,DRAM,202606,252.74,2020=100
402Y016,4.3.1.3. 수출물가지수(품목별),30911201AA,DRAM,202606,252.74,2020=100
402Y016,4.3.1.3. 수출물가지수(품목별),30911201AA,DRAM,202606,326.71,2020=100
402Y016,4.3.1.3. 수출물가지수(품목별),30911201AA,DRAM,202607,274.79,2020=100
402Y016,4.3.1.3. 수출물가지수(품목별),30911201AA,DRAM,202607,274.79,2020=100
402Y016,4.3.1.3. 수출물가지수(품목별),30911201AA,DRAM,202607,348.29,2020=100
402Y016,4.3.1.3. 수출물가지수(품목별),30911201AA,DRAM,202608,282.77,2020=100
402Y016,4.3.1.3. 수출물가지수(품목별),30911201AA,DRAM,202608,282.77,2020=100
402Y016,4.3.1.3. 수출물가지수(품목별),30911201AA,DRAM,202608,336.59,2020=100
402Y016,4.3.1.3. 수출물가지수(품목별),30911201AA,DRAM,201901,173.75,2020=100
402Y016,4.3.1.3. 수출물가지수(품목별),30911201AA,DRAM,201901,173.75,2020=100
402Y016,4.3.1.3. 수출물가지수(품목별),30911201AA,DRAM,201901,164.96,2020=100
402Y016,4.3.1.3. 수출물가지수(품목별),30911201AA,DRAM,201902,161.72,2020=100
402Y016,4.3.1.3. 수출물가지수(품목별),30911201AA,DRAM,201902,161.72,2020=100
402Y016,4.3.1.3. 수출물가지수(품목별),30911201AA,DRAM,201902,153.61,2020=100
402Y016,4.3.1.3. 수출물가지수(품목별),30911201AA,DRAM,201903,152.29,2020=100
402Y016,4.3.1.3. 수출물가지수(품목별),30911201AA,DRAM,201903,152.29,2020=100
402Y016,4.3.1.3. 수출물가지수(품목별),30911201AA,DRAM,201903,145.7,2020=100
402Y016,4.3.1.3. 수출물가지수(품목별),30911201AA,DRAM,201904,136.04,2020=100
402Y016,4.3.1.3. 수출물가지수(품목별),30911201AA,DRAM,201904,136.04,2020=100
402Y016,4.3.1.3. 수출물가지수(품목별),30911201AA,DRAM,201904,131.31,2020=100
402Y016,4.3.1.3. 수출물가지수(품목별),30911201AA,DRAM,201905,130.56,2020=100
402Y016,4.3.1.3. 수출물가지수(품목별),30911201AA,DRAM,201905,130.56,2020=100
402Y016,4.3.1.3. 수출물가지수(품목별),30911201AA,DRAM,201905,130.72,2020=100
402Y016,4.3.1.3. 수출물가지수(품목별),30911201AA,DRAM,201906,124.46,2020=100
402Y016,4.3.1.3. 수출물가지수(품목별),30911201AA,DRAM,201906,124.46,2020=100
402Y016,4.3.1.3. 수출물가지수(품목별),30911201AA,DRAM,201906,123.8,2020=100
402Y016,4.3.1.3. 수출물가지수(품목별),30911201AA,DRAM,201907,107.12,2020=100
402Y016,4.3.1.3. 수출물가지수(품목별),30911201AA,DRAM,201907,107.12,2020=100
402Y016,4.3.1.3. 수출물가지수(품목별),30911201AA,DRAM,201907,106.52,2020=100
402Y016,4.3.1.3. 수출물가지수(품목별),30911201AA,DRAM,201908,106.73,2020=100
402Y016,4.3.1.3. 수출물가지수(품목별),30911201AA,DRAM,201908,106.73,2020=100
402Y016,4.3.1.3. 수출물가지수(품목별),30911201AA,DRAM,201908,109.18,2020=100
402Y016,4.3.1.3. 수출물가지수(품목별),30911201AA,DRAM,201909,106.73,2020=100
402Y016,4.3.1.3. 수출물가지수(품목별),30911201AA,DRAM,201909,106.73,2020=100
402Y016,4.3.1.3. 수출물가지수(품목별),30911201AA,DRAM,201909,108.15,2020=100
402Y016,4.3.1.3. 수출물가지수(품목별),30911201AA,DRAM,201910,100.17,2020=100
402Y016,4.3.1.3. 수출물가지수(품목별),30911201AA,DRAM,201910,100.17,2020=100
402Y016,4.3.1.3. 수출물가지수(품목별),30911201AA,DRAM,201910,100.36,2020=100
402Y016,4.3.1.3. 수출물가지수(품목별),30911201AA,DRAM,201911,99.92,2020=100
402Y016,4.3.1.3. 수출물가지수(품목별),30911201AA,DRAM,201911,99.92,2020=100
402Y016,4.3.1.3. 수출물가지수(품목별),30911201AA,DRAM,201911,98.69,2020=100
402Y016,4.3.1.3. 수출물가지수(품목별),30911201AA,DRAM,201912,99.74,2020=100
402Y016,4.3.1.3. 수출물가지수(품목별),30911201AA,DRAM,201912,99.74,2020=100
402Y016,4.3.1.3. 수출물가지수(품목별),30911201AA,DRAM,201912,99.24,2020=100
402Y016,4.3.1.3. 수출물가지수(품목별),30911201AA,DRAM,202001,98.19,2020=100
402Y016,4.3.1.3. 수출물가지수(품목별),30911201AA,DRAM,202001,98.19,2020=100
402Y016,4.3.1.3. 수출물가지수(품목별),30911201AA,DRAM,202001,96.73,2020=100
402Y016,4.3.1.3. 수출물가지수(품목별),30911201AA,DRAM,202002,98.42,2020=100
402Y016,4.3.1.3. 수출물가지수(품목별),30911201AA,DRAM,202002,98.42,2020=100
402Y016,4.3.1.3. 수출물가지수(품목별),30911201AA,DRAM,202002,99.41,2020=100
402Y016,4.3.1.3. 수출물가지수(품목별),30911201AA,DRAM,202003,99.28,2020=100
402Y016,4.3.1.3. 수출물가지수(품목별),30911201AA,DRAM,202003,99.28,2020=100
402Y016,4.3.1.3. 수출물가지수(품목별),30911201AA,DRAM,202003,102.51,2020=100
402Y016,4.3.1.3. 수출물가지수(품목별),30911201AA,DRAM,202004,106.21,2020=100
402Y016,4.3.1.3. 수출물가지수(품목별),30911201AA,DRAM,202004,106.21,2020=100
402Y016,4.3.1.3. 수출물가지수(품목별),30911201AA,DRAM,202004,110.11,2020=100
402Y016,4.3.1.3. 수출물가지수(품목별),30911201AA,DRAM,202005,106.34,2020=100
402Y016,4.3.1.3. 수출물가지수(품목별),30911201AA,DRAM,202005,106.34,2020=100
402Y016,4.3.1.3. 수출물가지수(품목별),30911201AA,DRAM,202005,110.56,2020=100
402Y016,4.3.1.3. 수출물가지수(품목별),30911201AA,DRAM,202006,106.34,2020=100
402Y016,4.3.1.3. 수출물가지수(품목별),30911201AA,DRAM,202006,106.34,2020=100
402Y016,4.3.1.3. 수출물가지수(품목별),30911201AA,DRAM,202006,108.89,2020=100
402Y016,4.3.1.3. 수출물가지수(품목별),30911201AA,DRAM,202007,100.42,2020=100
402Y016,4.3.1.3. 수출물가지수(품목별),30911201AA,DRAM,202007,100.42,2020=100
402Y016,4.3.1.3. 수출물가지수(품목별),30911201AA,DRAM,202007,101.88,2020=100
402Y016,4.3.1.3. 수출물가지수(품목별),30911201AA,DRAM,202008,100.42,2020=100
402Y016,4.3.1.3. 수출물가지수(품목별),30911201AA,DRAM,202008,100.42,2020=100
402Y016,4.3.1.3. 수출물가지수(품목별),30911201AA,DRAM,202008,100.86,2020=100
402Y016,4.3.1.3. 수출물가지수(품목별),30911201AA,DRAM,202009,100.42,2020=100
402Y016,4.3.1.3. 수출물가지수(품목별),30911201AA,DRAM,202009,100.42,2020=100
402Y016,4.3.1.3. 수출물가지수(품목별),30911201AA,DRAM,202009,100.18,2020=100
402Y016,4.3.1.3. 수출물가지수(품목별),30911201AA,DRAM,202010,94.65,2020=100
402Y016,4.3.1.3. 수출물가지수(품목별),30911201AA,DRAM,202010,94.65,2020=100
402Y016,4.3.1.3. 수출물가지수(품목별),30911201AA,DRAM,202010,91.69,2020=100
402Y016,4.3.1.3. 수출물가지수(품목별),30911201AA,DRAM,202011,94.65,2020=100
402Y016,4.3.1.3. 수출물가지수(품목별),30911201AA,DRAM,202011,94.65,2020=100
402Y016,4.3.1.3. 수출물가지수(품목별),30911201AA,DRAM,202011,89.46,2020=100
402Y016,4.3.1.3. 수출물가지수(품목별),30911201AA,DRAM,202012,94.65,2020=100
402Y016,4.3.1.3. 수출물가지수(품목별),30911201AA,DRAM,202012,94.65,2020=100
402Y016,4.3.1.3. 수출물가지수(품목별),30911201AA,DRAM,202012,87.72,2020=100
402Y016,4.3.1.3. 수출물가지수(품목별),30911201AA,DRAM,202101,97.8,2020=100
402Y016,4.3.1.3. 수출물가지수(품목별),30911201AA,DRAM,202101,97.8,2020=100
402Y016,4.3.1.3. 수출물가지수(품목별),30911201AA,DRAM,202101,90.84,2020=100
402Y016,4.3.1.3. 수출물가지수(품목별),30911201AA,DRAM,202102,97.94,2020=100
402Y016,4.3.1.3. 수출물가지수(품목별),30911201AA,DRAM,202102,97.94,2020=100
402Y016,4.3.1.3. 수출물가지수(품목별),30911201AA,DRAM,202102,92.15,2020=100
402Y016,4.3.1.3. 수출물가지수(품목별),30911201AA,DRAM,202103,97.94,2020=100
402Y016,4.3.1.3. 수출물가지수(품목별),30911201AA,DRAM,202103,97.94,2020=100
402Y016,4.3.1.3. 수출물가지수(품목별),30911201AA,DRAM,202103,93.75,2020=100
402Y016,4.3.1.3. 수출물가지수(품목별),30911201AA,DRAM,202104,115.45,2020=100
402Y016,4.3.1.3. 수출물가지수(품목별),30911201AA,DRAM,202104,115.45,2020=100
402Y016,4.3.1.3. 수출물가지수(품목별),30911201AA,DRAM,202104,109.36,2020=100
402Y016,4.3.1.3. 수출물가지수(품목별),30911201AA,DRAM,202105,115.45,2020=100
402Y016,4.3.1.3. 수출물가지수(품목별),30911201AA,DRAM,202105,115.45,2020=100
402Y016,4.3.1.3. 수출물가지수(품목별),30911201AA,DRAM,202105,109.74,2020=100
402Y016,4.3.1.3. 수출물가지수(품목별),30911201AA,DRAM,202106,115.45,2020=100
402Y016,4.3.1.3. 수출물가지수(품목별),30911201AA,DRAM,202106,115.45,2020=100
402Y016,4.3.1.3. 수출물가지수(품목별),30911201AA,DRAM,202106,109.55,2020=100
402Y016,4.3.1.3. 수출물가지수(품목별),30911201AA,DRAM,202107,123,2020=100
402Y016,4.3.1.3. 수출물가지수(품목별),30911201AA,DRAM,202107,123,2020=100
402Y016,4.3.1.3. 수출물가지수(품목별),30911201AA,DRAM,202107,119.08,2020=100
402Y016,4.3.1.3. 수출물가지수(품목별),30911201AA,DRAM,202108,123,2020=100
402Y016,4.3.1.3. 수출물가지수(품목별),30911201AA,DRAM,202108,123,2020=100
402Y016,4.3.1.3. 수출물가지수(품목별),30911201AA,DRAM,202108,120.77,2020=100
402Y016,4.3.1.3. 수출물가지수(품목별),30911201AA,DRAM,202109,123,2020=100
402Y016,4.3.1.3. 수출물가지수(품목별),30911201AA,DRAM,202109,123,2020=100
402Y016,4.3.1.3. 수출물가지수(품목별),30911201AA,DRAM,202109,121.72,2020=100
402Y016,4.3.1.3. 수출물가지수(품목별),30911201AA,DRAM,202110,116.01,2020=100
402Y016,4.3.1.3. 수출물가지수(품목별),30911201AA,DRAM,202110,116.01,2020=100
402Y016,4.3.1.3. 수출물가지수(품목별),30911201AA,DRAM,202110,116.13,2020=100
402Y016,4.3.1.3. 수출물가지수(품목별),30911201AA,DRAM,202111,116.01,2020=100
402Y016,4.3.1.3. 수출물가지수(품목별),30911201AA,DRAM,202111,116.01,2020=100
402Y016,4.3.1.3. 수출물가지수(품목별),30911201AA,DRAM,202111,116.15,2020=100
402Y016,4.3.1.3. 수출물가지수(품목별),30911201AA,DRAM,202112,116.01,2020=100
402Y016,4.3.1.3. 수출물가지수(품목별),30911201AA,DRAM,202112,116.01,2020=100
402Y016,4.3.1.3. 수출물가지수(품목별),30911201AA,DRAM,202112,116.21,2020=100
402Y016,4.3.1.3. 수출물가지수(품목별),30911201AA,DRAM,202201,103.39,2020=100
402Y016,4.3.1.3. 수출물가지수(품목별),30911201AA,DRAM,202201,103.39,2020=100
402Y016,4.3.1.3. 수출물가지수(품목별),30911201AA,DRAM,202201,104.47,2020=100
402Y016,4.3.1.3. 수출물가지수(품목별),30911201AA,DRAM,202202,103.39,2020=100
402Y016,4.3.1.3. 수출물가지수(품목별),30911201AA,DRAM,202202,103.39,2020=100
402Y016,4.3.1.3. 수출물가지수(품목별),30911201AA,DRAM,202202,104.85,2020=100
402Y016,4.3.1.3. 수출물가지수(품목별),30911201AA,DRAM,202203,103.39,2020=100
402Y016,4.3.1.3. 수출물가지수(품목별),30911201AA,DRAM,202203,103.39,2020=100
402Y016,4.3.1.3. 수출물가지수(품목별),30911201AA,DRAM,202203,106.84,2020=100
402Y016,4.3.1.3. 수출물가지수(품목별),30911201AA,DRAM,202204,102.71,2020=100
402Y016,4.3.1.3. 수출물가지수(품목별),30911201AA,DRAM,202204,102.71,2020=100
402Y016,4.3.1.3. 수출물가지수(품목별),30911201AA,DRAM,202204,107.13,2020=100
402Y016,4.3.1.3. 수출물가지수(품목별),30911201AA,DRAM,202205,102.14,2020=100
402Y016,4.3.1.3. 수출물가지수(품목별),30911201AA,DRAM,202205,102.14,2020=100
402Y016,4.3.1.3. 수출물가지수(품목별),30911201AA,DRAM,202205,109.77,2020=100
402Y016,4.3.1.3. 수출물가지수(품목별),30911201AA,DRAM,202206,101.67,2020=100
402Y016,4.3.1.3. 수출물가지수(품목별),30911201AA,DRAM,202206,101.67,2020=100
402Y016,4.3.1.3. 수출물가지수(품목별),30911201AA,DRAM,202206,109.91,2020=100
402Y016,4.3.1.3. 수출물가지수(품목별),30911201AA,DRAM,202207,90.59,2020=100
402Y016,4.3.1.3. 수출물가지수(품목별),30911201AA,DRAM,202207,90.59,2020=100
402Y016,4.3.1.3. 수출물가지수(품목별),30911201AA,DRAM,202207,100.25,2020=100
402Y016,4.3.1.3. 수출물가지수(품목별),30911201AA,DRAM,202208,90.31,2020=100
402Y016,4.3.1.3. 수출물가지수(품목별),30911201AA,DRAM,202208,90.31,2020=100
402Y016,4.3.1.3. 수출물가지수(품목별),30911201AA,DRAM,202208,100.77,2020=100
402Y016,4.3.1.3. 수출물가지수(품목별),30911201AA,DRAM,202209,87.77,2020=100
402Y016,4.3.1.3. 수출물가지수(품목별),30911201AA,DRAM,202209,87.77,2020=100
402Y016,4.3.1.3. 수출물가지수(품목별),30911201AA,DRAM,202209,103.38,2020=100
402Y016,4.3.1.3. 수출물가지수(품목별),30911201AA,DRAM,202210,71.77,2020=100
402Y016,4.3.1.3. 수출물가지수(품목별),30911201AA,DRAM,202210,71.77,2020=100
402Y016,4.3.1.3. 수출물가지수(품목별),30911201AA,DRAM,202210,86.66,2020=100
402Y016,4.3.1.3. 수출물가지수(품목별),30911201AA,DRAM,202211,71.77,2020=100
402Y016,4.3.1.3. 수출물가지수(품목별),30911201AA,DRAM,202211,71.77,2020=100
402Y016,4.3.1.3. 수출물가지수(품목별),30911201AA,DRAM,202211,82.86,2020=100
402Y016,4.3.1.3. 수출물가지수(품목별),30911201AA,DRAM,202212,70.92,2020=100
402Y016,4.3.1.3. 수출물가지수(품목별),30911201AA,DRAM,202212,70.92,2020=100
402Y016,4.3.1.3. 수출물가지수(품목별),30911201AA,DRAM,202212,77.8,2020=100
402Y016,4.3.1.3. 수출물가지수(품목별),30911201AA,DRAM,202301,61.81,2020=100
402Y016,4.3.1.3. 수출물가지수(품목별),30911201AA,DRAM,202301,61.81,2020=100
402Y016,4.3.1.3. 수출물가지수(품목별),30911201AA,DRAM,202301,65.24,2020=100
402Y016,4.3.1.3. 수출물가지수(품목별),30911201AA,DRAM,202302,60.59,2020=100
402Y016,4.3.1.3. 수출물가지수(품목별),30911201AA,DRAM,202302,60.59,2020=100
402Y016,4.3.1.3. 수출물가지수(품목별),30911201AA,DRAM,202302,65.17,2020=100
402Y016,4.3.1.3. 수출물가지수(품목별),30911201AA,DRAM,202303,60.18,2020=100
402Y016,4.3.1.3. 수출물가지수(품목별),30911201AA,DRAM,202303,60.18,2020=100
402Y016,4.3.1.3. 수출물가지수(품목별),30911201AA,DRAM,202303,66.5,2020=100
402Y016,4.3.1.3. 수출물가지수(품목별),30911201AA,DRAM,202304,50.94,2020=100
402Y016,4.3.1.3. 수출물가지수(품목별),30911201AA,DRAM,202304,50.94,2020=100
402Y016,4.3.1.3. 수출물가지수(품목별),30911201AA,DRAM,202304,56.91,2020=100
402Y016,4.3.1.3. 수출물가지수(품목별),30911201AA,DRAM,202305,50.86,2020=100
402Y016,4.3.1.3. 수출물가지수(품목별),30911201AA,DRAM,202305,50.86,2020=100
402Y016,4.3.1.3. 수출물가지수(품목별),30911201AA,DRAM,202305,57.18,2020=100
402Y016,4.3.1.3. 수출물가지수(품목별),30911201AA,DRAM,202306,50.06,2020=100
402Y016,4.3.1.3. 수출물가지수(품목별),30911201AA,DRAM,202306,50.06,2020=100
402Y016,4.3.1.3. 수출물가지수(품목별),30911201AA,DRAM,202306,54.93,2020=100
402Y016,4.3.1.3. 수출물가지수(품목별),30911201AA,DRAM,202307,49.53,2020=100
402Y016,4.3.1.3. 수출물가지수(품목별),30911201AA,DRAM,202307,49.53,2020=100
402Y016,4.3.1.3. 수출물가지수(품목별),30911201AA,DRAM,202307,53.92,2020=100
402Y016,4.3.1.3. 수출물가지수(품목별),30911201AA,DRAM,202308,49.51,2020=100
402Y016,4.3.1.3. 수출물가지수(품목별),30911201AA,DRAM,202308,49.51,2020=100
402Y016,4.3.1.3. 수출물가지수(품목별),30911201AA,DRAM,202308,55.24,2020=100
402Y016,4.3.1.3. 수출물가지수(품목별),30911201AA,DRAM,202309,49.51,2020=100
402Y016,4.3.1.3. 수출물가지수(품목별),30911201AA,DRAM,202309,49.51,2020=100
402Y016,4.3.1.3. 수출물가지수(품목별),30911201AA,DRAM,202309,55.7,2020=100
402Y016,4.3.1.3. 수출물가지수(품목별),30911201AA,DRAM,202310,53.57,2020=100
402Y016,4.3.1.3. 수출물가지수(품목별),30911201AA,DRAM,202310,53.57,2020=100
402Y016,4.3.1.3. 수출물가지수(품목별),30911201AA,DRAM,202310,61.24,2020=100
402Y016,4.3.1.3. 수출물가지수(품목별),30911201AA,DRAM,202311,54.25,2020=100
402Y016,4.3.1.3. 수출물가지수(품목별),30911201AA,DRAM,202311,54.25,2020=100
402Y016,4.3.1.3. 수출물가지수(품목별),30911201AA,DRAM,202311,60.16,2020=100
402Y016,4.3.1.3. 수출물가지수(품목별),30911201AA,DRAM,202312,55.27,2020=100
402Y016,4.3.1.3. 수출물가지수(품목별),30911201AA,DRAM,202312,55.27,2020=100
402Y016,4.3.1.3. 수출물가지수(품목별),30911201AA,DRAM,202312,61,2020=100
402Y016,4.3.1.3. 수출물가지수(품목별),30911201AA,DRAM,202401,63.36,2020=100
402Y016,4.3.1.3. 수출물가지수(품목별),30911201AA,DRAM,202401,63.36,2020=100
402Y016,4.3.1.3. 수출물가지수(품목별),30911201AA,DRAM,202401,70.98,2020=100
402Y016,4.3.1.3. 수출물가지수(품목별),30911201AA,DRAM,202402,64.22,2020=100
402Y016,4.3.1.3. 수출물가지수(품목별),30911201AA,DRAM,202402,64.22,2020=100
402Y016,4.3.1.3. 수출물가지수(품목별),30911201AA,DRAM,202402,72.38,2020=100
402Y016,4.3.1.3. 수출물가지수(품목별),30911201AA,DRAM,202403,64.83,2020=100
402Y016,4.3.1.3. 수출물가지수(품목별),30911201AA,DRAM,202403,64.83,2020=100
402Y016,4.3.1.3. 수출물가지수(품목별),30911201AA,DRAM,202403,73.02,2020=100
402Y016,4.3.1.3. 수출물가지수(품목별),30911201AA,DRAM,202404,73.25,2020=100
402Y016,4.3.1.3. 수출물가지수(품목별),30911201AA,DRAM,202404,73.25,2020=100
402Y016,4.3.1.3. 수출물가지수(품목별),30911201AA,DRAM,202404,84.8,2020=100
402Y016,4.3.1.3. 수출물가지수(품목별),30911201AA,DRAM,202405,73.32,2020=100
402Y016,4.3.1.3. 수출물가지수(품목별),30911201AA,DRAM,202405,73.32,2020=100
402Y016,4.3.1.3. 수출물가지수(품목별),30911201AA,DRAM,202405,84.74,2020=100
402Y016,4.3.1.3. 수출물가지수(품목별),30911201AA,DRAM,202406,73.61,2020=100
402Y016,4.3.1.3. 수출물가지수(품목별),30911201AA,DRAM,202406,73.61,2020=100
402Y016,4.3.1.3. 수출물가지수(품목별),30911201AA,DRAM,202406,85.99,2020=100
402Y016,4.3.1.3. 수출물가지수(품목별),30911201AA,DRAM,202407,77.96,2020=100
402Y016,4.3.1.3. 수출물가지수(품목별),30911201AA,DRAM,202407,77.96,2020=100
402Y016,4.3.1.3. 수출물가지수(품목별),30911201AA,DRAM,202407,91.28,2020=100
402Y016,4.3.1.3. 수출물가지수(품목별),30911201AA,DRAM,202408,77.86,2020=100
402Y016,4.3.1.3. 수출물가지수(품목별),30911201AA,DRAM,202408,77.86,2020=100
402Y016,4.3.1.3. 수출물가지수(품목별),30911201AA,DRAM,202408,89.24,2020=100
402Y016,4.3.1.3. 수출물가지수(품목별),30911201AA,DRAM,202409,76.63,2020=100
402Y016,4.3.1.3. 수출물가지수(품목별),30911201AA,DRAM,202409,76.63,2020=100
402Y016,4.3.1.3. 수출물가지수(품목별),30911201AA,DRAM,202409,86.57,2020=100
402Y016,4.3.1.3. 수출물가지수(품목별),30911201AA,DRAM,202410,75.26,2020=100
402Y016,4.3.1.3. 수출물가지수(품목별),30911201AA,DRAM,202410,75.26,2020=100
402Y016,4.3.1.3. 수출물가지수(품목별),30911201AA,DRAM,202410,86.7,2020=100
402Y016,4.3.1.3. 수출물가지수(품목별),30911201AA,DRAM,202411,74.03,2020=100
402Y016,4.3.1.3. 수출물가지수(품목별),30911201AA,DRAM,202411,74.03,2020=100
402Y016,4.3.1.3. 수출물가지수(품목별),30911201AA,DRAM,202411,87.32,2020=100
402Y016,4.3.1.3. 수출물가지수(품목별),30911201AA,DRAM,202412,73.99,2020=100
402Y016,4.3.1.3. 수출물가지수(품목별),30911201AA,DRAM,202412,73.99,2020=100
402Y016,4.3.1.3. 수출물가지수(품목별),30911201AA,DRAM,202412,89.83,2020=100
402Y016,4.3.1.3. 수출물가지수(품목별),30911201AA,DRAM,202501,72.77,2020=100
402Y016,4.3.1.3. 수출물가지수(품목별),30911201AA,DRAM,202501,72.77,2020=100
402Y016,4.3.1.3. 수출물가지수(품목별),30911201AA,DRAM,202501,89.66,2020=100
402Y016,4.3.1.3. 수출물가지수(품목별),30911201AA,DRAM,202502,70.7,2020=100
402Y016,4.3.1.3. 수출물가지수(품목별),30911201AA,DRAM,202502,70.7,2020=100
402Y016,4.3.1.3. 수출물가지수(품목별),30911201AA,DRAM,202502,86.5,2020=100
402Y016,4.3.1.3. 수출물가지수(품목별),30911201AA,DRAM,202503,71.44,2020=100
402Y016,4.3.1.3. 수출물가지수(품목별),30911201AA,DRAM,202503,71.44,2020=100
402Y016,4.3.1.3. 수출물가지수(품목별),30911201AA,DRAM,202503,88.1,2020=100
402Y016,4.3.1.3. 수출물가지수(품목별),30911201AA,DRAM,202504,72.36,2020=100
402Y016,4.3.1.3. 수출물가지수(품목별),30911201AA,DRAM,202504,72.36,2020=100
402Y016,4.3.1.3. 수출물가지수(품목별),30911201AA,DRAM,202504,88.46,2020=100
402Y016,4.3.1.3. 수출물가지수(품목별),30911201AA,DRAM,202505,74.63,2020=100
402Y016,4.3.1.3. 수출물가지수(품목별),30911201AA,DRAM,202505,74.63,2020=100
402Y016,4.3.1.3. 수출물가지수(품목별),30911201AA,DRAM,202505,88.08,2020=100
402Y016,4.3.1.3. 수출물가지수(품목별),30911201AA,DRAM,202506,74.72,2020=100
402Y016,4.3.1.3. 수출물가지수(품목별),30911201AA,DRAM,202506,74.72,2020=100
402Y016,4.3.1.3. 수출물가지수(품목별),30911201AA,DRAM,202506,86.45,2020=100
402Y016,4.3.1.3. 수출물가지수(품목별),30911201AA,DRAM,202507,80.81,2020=100
402Y016,4.3.1.3. 수출물가지수(품목별),30911201AA,DRAM,202507,80.81,2020=100
402Y016,4.3.1.3. 수출물가지수(품목별),30911201AA,DRAM,202507,94.06,2020=100
402Y016,4.3.1.3. 수출물가지수(품목별),30911201AA,DRAM,202508,80.98,2020=100
402Y016,4.3.1.3. 수출물가지수(품목별),30911201AA,DRAM,202508,80.98,2020=100
402Y016,4.3.1.3. 수출물가지수(품목별),30911201AA,DRAM,202508,95.25,2020=100
402Y016,4.3.1.3. 수출물가지수(품목별),30911201AA,DRAM,202509,83.16,2020=100
402Y016,4.3.1.3. 수출물가지수(품목별),30911201AA,DRAM,202509,83.16,2020=100
402Y016,4.3.1.3. 수출물가지수(품목별),30911201AA,DRAM,202509,97.98,2020=100
402Y016,4.3.1.3. 수출물가지수(품목별),30911201AA,DRAM,202510,97.3,2020=100
402Y016,4.3.1.3. 수출물가지수(품목별),30911201AA,DRAM,202510,97.3,2020=100
402Y016,4.3.1.3. 수출물가지수(품목별),30911201AA,DRAM,202510,117.22,2020=100
402Y016,4.3.1.3. 수출물가지수(품목별),30911201AA,DRAM,202511,109.03,2020=100
402Y016,4.3.1.3. 수출물가지수(품목별),30911201AA,DRAM,202511,109.03,2020=100
402Y016,4.3.1.3. 수출물가지수(품목별),30911201AA,DRAM,202511,134.53,2020=100
402Y016,4.3.1.3. 수출물가지수(품목별),30911201AA,DRAM,202512,111.22,2020=100
402Y016,4.3.1.3. 수출물가지수(품목별),30911201AA,DRAM,202512,111.22,2020=100
402Y016,4.3.1.3. 수출물가지수(품목별),30911201AA,DRAM,202512,138.14,2020=100
402Y016,4.3.1.3. 수출물가지수(품목별),30911201AA,DRAM,202601,147.44,2020=100
402Y016,4.3.1.3. 수출물가지수(품목별),30911201AA,DRAM,202601,147.44,2020=100
402Y016,4.3.1.3. 수출물가지수(품목별),30911201AA,DRAM,202601,181.78,2020=100
402Y016,4.3.1.3. 수출물가지수(품목별),30911201AA,DRAM,202602,157.62,2020=100
402Y016,4.3.1.3. 수출물가지수(품목별),30911201AA,DRAM,202602,157.62,2020=100
402Y016,4.3.1.3. 수출물가지수(품목별),30911201AA,DRAM,202602,193.35,2020=100
402Y016,4.3.1.3. 수출물가지수(품목별),30911201AA,DRAM,202603,187.19,2020=100
402Y016,4.3.1.3. 수출물가지수(품목별),30911201AA,DRAM,202603,187.19,2020=100
402Y016,4.3.1.3. 수출물가지수(품목별),30911201AA,DRAM,202603,235.54,2020=100
402Y016,4.3.1.3. 수출물가지수(품목별),30911201AA,DRAM,202604,233.82,2020=100
402Y016,4.3.1.3. 수출물가지수(품목별),30911201AA,DRAM,202604,233.82,2020=100
402Y016,4.3.1.3. 수출물가지수(품목별),30911201AA,DRAM,202604,294.36,2020=100
402Y016,4.3.1.3. 수출물가지수(품목별),30911201AA,DRAM,202605,251.21,2020=100
402Y016,4.3.1.3. 수출물가지수(품목별),30911201AA,DRAM,202605,251.21,2020=100
402Y016,4.3.1.3. 수출물가지수(품목별),30911201AA,DRAM,202605,316.85,2020=100
402Y016,4.3.1.3. 수출물가지수(품목별),30911201AA,DRAM,202606,252.74,2020=100
402Y016,4.3.1.3. 수출물가지수(품목별),30911201AA,DRAM,202606,252.74,2020=100
402Y016,4.3.1.3. 수출물가지수(품목별),30911201AA,DRAM,202606,326.71,2020=100
402Y016,4.3.1.3. 수출물가지수(품목별),30911201AA,DRAM,202607,274.79,2020=100
402Y016,4.3.1.3. 수출물가지수(품목별),30911201AA,DRAM,202607,274.79,2020=100
402Y016,4.3.1.3. 수출물가지수(품목별),30911201AA,DRAM,202607,348.29,2020=100
402Y016,4.3.1.3. 수출물가지수(품목별),30911201AA,DRAM,202608,282.77,2020=100
402Y016,4.3.1.3. 수출물가지수(품목별),30911201AA,DRAM,202608,282.77,2020=100
402Y016,4.3.1.3. 수출물가지수(품목별),30911201AA,DRAM,202608,336.59,2020=100
