company,year,report,account,thstrm_amount_krw,note
삼성전자,2019,1Q,매출액,"52,385,546,000,000",반기/3분기/사업보고서 금액은 누적일 수 있음. 분기값은 차감해서 계산
삼성전자,2019,1Q,영업이익,"6,233,282,000,000",반기/3분기/사업보고서 금액은 누적일 수 있음. 분기값은 차감해서 계산
삼성전자,2019,2Q(반기),매출액,"56,127,104,000,000",반기/3분기/사업보고서 금액은 누적일 수 있음. 분기값은 차감해서 계산
삼성전자,2019,2Q(반기),영업이익,"6,597,065,000,000",반기/3분기/사업보고서 금액은 누적일 수 있음. 분기값은 차감해서 계산
삼성전자,2019,3Q,매출액,"62,003,471,000,000",반기/3분기/사업보고서 금액은 누적일 수 있음. 분기값은 차감해서 계산
삼성전자,2019,3Q,영업이익,"7,777,892,000,000",반기/3분기/사업보고서 금액은 누적일 수 있음. 분기값은 차감해서 계산
삼성전자,2019,4Q(사업),매출액,"230,400,881,000,000",반기/3분기/사업보고서 금액은 누적일 수 있음. 분기값은 차감해서 계산
삼성전자,2019,4Q(사업),영업이익,"27,768,509,000,000",반기/3분기/사업보고서 금액은 누적일 수 있음. 분기값은 차감해서 계산
삼성전자,2020,1Q,매출액,"55,325,178,000,000",반기/3분기/사업보고서 금액은 누적일 수 있음. 분기값은 차감해서 계산
삼성전자,2020,1Q,영업이익,"6,447,345,000,000",반기/3분기/사업보고서 금액은 누적일 수 있음. 분기값은 차감해서 계산
삼성전자,2020,2Q(반기),매출액,"52,966,142,000,000",반기/3분기/사업보고서 금액은 누적일 수 있음. 분기값은 차감해서 계산
삼성전자,2020,2Q(반기),영업이익,"8,146,292,000,000",반기/3분기/사업보고서 금액은 누적일 수 있음. 분기값은 차감해서 계산
삼성전자,2020,3Q,매출액,"66,964,160,000,000",반기/3분기/사업보고서 금액은 누적일 수 있음. 분기값은 차감해서 계산
삼성전자,2020,3Q,영업이익,"12,353,238,000,000",반기/3분기/사업보고서 금액은 누적일 수 있음. 분기값은 차감해서 계산
삼성전자,2020,4Q(사업),매출액,"236,806,988,000,000",반기/3분기/사업보고서 금액은 누적일 수 있음. 분기값은 차감해서 계산
삼성전자,2020,4Q(사업),영업이익,"35,993,876,000,000",반기/3분기/사업보고서 금액은 누적일 수 있음. 분기값은 차감해서 계산
삼성전자,2021,1Q,매출액,"65,388,503,000,000",반기/3분기/사업보고서 금액은 누적일 수 있음. 분기값은 차감해서 계산
삼성전자,2021,1Q,영업이익,"9,382,868,000,000",반기/3분기/사업보고서 금액은 누적일 수 있음. 분기값은 차감해서 계산
삼성전자,2021,2Q(반기),매출액,"63,671,585,000,000",반기/3분기/사업보고서 금액은 누적일 수 있음. 분기값은 차감해서 계산
삼성전자,2021,2Q(반기),영업이익,"12,566,745,000,000",반기/3분기/사업보고서 금액은 누적일 수 있음. 분기값은 차감해서 계산
삼성전자,2021,3Q,매출액,"73,979,187,000,000",반기/3분기/사업보고서 금액은 누적일 수 있음. 분기값은 차감해서 계산
삼성전자,2021,3Q,영업이익,"15,817,531,000,000",반기/3분기/사업보고서 금액은 누적일 수 있음. 분기값은 차감해서 계산
삼성전자,2021,4Q(사업),매출액,"279,604,799,000,000",반기/3분기/사업보고서 금액은 누적일 수 있음. 분기값은 차감해서 계산
삼성전자,2021,4Q(사업),영업이익,"51,633,856,000,000",반기/3분기/사업보고서 금액은 누적일 수 있음. 분기값은 차감해서 계산
삼성전자,2022,1Q,매출액,"77,781,498,000,000",반기/3분기/사업보고서 금액은 누적일 수 있음. 분기값은 차감해서 계산
삼성전자,2022,1Q,영업이익,"14,121,409,000,000",반기/3분기/사업보고서 금액은 누적일 수 있음. 분기값은 차감해서 계산
삼성전자,2022,2Q(반기),매출액,"77,203,607,000,000",반기/3분기/사업보고서 금액은 누적일 수 있음. 분기값은 차감해서 계산
삼성전자,2022,2Q(반기),영업이익,"14,097,045,000,000",반기/3분기/사업보고서 금액은 누적일 수 있음. 분기값은 차감해서 계산
삼성전자,2022,3Q,매출액,"76,781,680,000,000",반기/3분기/사업보고서 금액은 누적일 수 있음. 분기값은 차감해서 계산
삼성전자,2022,3Q,영업이익,"10,852,045,000,000",반기/3분기/사업보고서 금액은 누적일 수 있음. 분기값은 차감해서 계산
삼성전자,2022,4Q(사업),매출액,"302,231,360,000,000",반기/3분기/사업보고서 금액은 누적일 수 있음. 분기값은 차감해서 계산
삼성전자,2022,4Q(사업),영업이익,"43,376,630,000,000",반기/3분기/사업보고서 금액은 누적일 수 있음. 분기값은 차감해서 계산
삼성전자,2023,1Q,매출액,"63,745,371,000,000",반기/3분기/사업보고서 금액은 누적일 수 있음. 분기값은 차감해서 계산
삼성전자,2023,1Q,영업이익,"640,178,000,000",반기/3분기/사업보고서 금액은 누적일 수 있음. 분기값은 차감해서 계산
삼성전자,2023,2Q(반기),매출액,"60,005,533,000,000",반기/3분기/사업보고서 금액은 누적일 수 있음. 분기값은 차감해서 계산
삼성전자,2023,2Q(반기),영업이익,"668,547,000,000",반기/3분기/사업보고서 금액은 누적일 수 있음. 분기값은 차감해서 계산
삼성전자,2023,3Q,매출액,"67,404,652,000,000",반기/3분기/사업보고서 금액은 누적일 수 있음. 분기값은 차감해서 계산
삼성전자,2023,3Q,영업이익,"2,433,534,000,000",반기/3분기/사업보고서 금액은 누적일 수 있음. 분기값은 차감해서 계산
삼성전자,2023,4Q(사업),매출액,"258,935,494,000,000",반기/3분기/사업보고서 금액은 누적일 수 있음. 분기값은 차감해서 계산
삼성전자,2023,4Q(사업),영업이익,"6,566,976,000,000",반기/3분기/사업보고서 금액은 누적일 수 있음. 분기값은 차감해서 계산
삼성전자,2024,1Q,매출액,"71,915,601,000,000",반기/3분기/사업보고서 금액은 누적일 수 있음. 분기값은 차감해서 계산
삼성전자,2024,1Q,영업이익,"6,606,009,000,000",반기/3분기/사업보고서 금액은 누적일 수 있음. 분기값은 차감해서 계산
삼성전자,2024,2Q(반기),매출액,"74,068,302,000,000",반기/3분기/사업보고서 금액은 누적일 수 있음. 분기값은 차감해서 계산
삼성전자,2024,2Q(반기),영업이익,"10,443,878,000,000",반기/3분기/사업보고서 금액은 누적일 수 있음. 분기값은 차감해서 계산
삼성전자,2024,3Q,매출액,"79,098,731,000,000",반기/3분기/사업보고서 금액은 누적일 수 있음. 분기값은 차감해서 계산
삼성전자,2024,3Q,영업이익,"9,183,371,000,000",반기/3분기/사업보고서 금액은 누적일 수 있음. 분기값은 차감해서 계산
삼성전자,2024,4Q(사업),매출액,"300,870,903,000,000",반기/3분기/사업보고서 금액은 누적일 수 있음. 분기값은 차감해서 계산
삼성전자,2024,4Q(사업),영업이익,"32,725,961,000,000",반기/3분기/사업보고서 금액은 누적일 수 있음. 분기값은 차감해서 계산
삼성전자,2025,1Q,매출액,"79,140,503,000,000",반기/3분기/사업보고서 금액은 누적일 수 있음. 분기값은 차감해서 계산
삼성전자,2025,1Q,영업이익,"6,685,272,000,000",반기/3분기/사업보고서 금액은 누적일 수 있음. 분기값은 차감해서 계산
삼성전자,2025,2Q(반기),매출액,"74,566,317,000,000",반기/3분기/사업보고서 금액은 누적일 수 있음. 분기값은 차감해서 계산
삼성전자,2025,2Q(반기),영업이익,"4,676,057,000,000",반기/3분기/사업보고서 금액은 누적일 수 있음. 분기값은 차감해서 계산
삼성전자,2025,3Q,매출액,"86,061,747,000,000",반기/3분기/사업보고서 금액은 누적일 수 있음. 분기값은 차감해서 계산
삼성전자,2025,3Q,영업이익,"12,166,062,000,000",반기/3분기/사업보고서 금액은 누적일 수 있음. 분기값은 차감해서 계산
삼성전자,2025,4Q(사업),매출액,"333,605,938,000,000",반기/3분기/사업보고서 금액은 누적일 수 있음. 분기값은 차감해서 계산
삼성전자,2025,4Q(사업),영업이익,"43,601,051,000,000",반기/3분기/사업보고서 금액은 누적일 수 있음. 분기값은 차감해서 계산
삼성전자,2026,1Q,매출액,"133,873,444,000,000",반기/3분기/사업보고서 금액은 누적일 수 있음. 분기값은 차감해서 계산
삼성전자,2026,1Q,영업이익,"57,232,797,000,000",반기/3분기/사업보고서 금액은 누적일 수 있음. 분기값은 차감해서 계산
삼성전자,2026,2Q(반기),매출액,"171,499,470,000,000",반기/3분기/사업보고서 금액은 누적일 수 있음. 분기값은 차감해서 계산
삼성전자,2026,2Q(반기),영업이익,"89,492,412,000,000",반기/3분기/사업보고서 금액은 누적일 수 있음. 분기값은 차감해서 계산
SK하이닉스,2019,1Q,매출액,"6,772,655,000,000",반기/3분기/사업보고서 금액은 누적일 수 있음. 분기값은 차감해서 계산
SK하이닉스,2019,1Q,영업이익,"1,366,490,000,000",반기/3분기/사업보고서 금액은 누적일 수 있음. 분기값은 차감해서 계산
SK하이닉스,2019,2Q(반기),매출액,"6,452,201,000,000",반기/3분기/사업보고서 금액은 누적일 수 있음. 분기값은 차감해서 계산
SK하이닉스,2019,2Q(반기),영업이익,"637,630,000,000",반기/3분기/사업보고서 금액은 누적일 수 있음. 분기값은 차감해서 계산
SK하이닉스,2019,3Q,매출액,"6,838,766,000,000",반기/3분기/사업보고서 금액은 누적일 수 있음. 분기값은 차감해서 계산
SK하이닉스,2019,3Q,영업이익,"472,561,000,000",반기/3분기/사업보고서 금액은 누적일 수 있음. 분기값은 차감해서 계산
SK하이닉스,2019,4Q(사업),매출액,"26,990,733,000,000",반기/3분기/사업보고서 금액은 누적일 수 있음. 분기값은 차감해서 계산
SK하이닉스,2019,4Q(사업),영업이익,"2,712,718,000,000",반기/3분기/사업보고서 금액은 누적일 수 있음. 분기값은 차감해서 계산
SK하이닉스,2020,1Q,매출액,"7,198,892,000,000",반기/3분기/사업보고서 금액은 누적일 수 있음. 분기값은 차감해서 계산
SK하이닉스,2020,1Q,영업이익,"800,301,000,000",반기/3분기/사업보고서 금액은 누적일 수 있음. 분기값은 차감해서 계산
SK하이닉스,2020,2Q(반기),매출액,"8,606,534,000,000",반기/3분기/사업보고서 금액은 누적일 수 있음. 분기값은 차감해서 계산
SK하이닉스,2020,2Q(반기),영업이익,"1,946,715,000,000",반기/3분기/사업보고서 금액은 누적일 수 있음. 분기값은 차감해서 계산
SK하이닉스,2020,3Q,매출액,"8,128,767,000,000",반기/3분기/사업보고서 금액은 누적일 수 있음. 분기값은 차감해서 계산
SK하이닉스,2020,3Q,영업이익,"1,299,696,000,000",반기/3분기/사업보고서 금액은 누적일 수 있음. 분기값은 차감해서 계산
SK하이닉스,2020,4Q(사업),매출액,"31,900,418,000,000",반기/3분기/사업보고서 금액은 누적일 수 있음. 분기값은 차감해서 계산
SK하이닉스,2020,4Q(사업),영업이익,"5,012,624,000,000",반기/3분기/사업보고서 금액은 누적일 수 있음. 분기값은 차감해서 계산
SK하이닉스,2021,1Q,매출액,"8,494,188,000,000",반기/3분기/사업보고서 금액은 누적일 수 있음. 분기값은 차감해서 계산
SK하이닉스,2021,1Q,영업이익,"1,324,421,000,000",반기/3분기/사업보고서 금액은 누적일 수 있음. 분기값은 차감해서 계산
SK하이닉스,2021,2Q(반기),매출액,"10,321,671,000,000",반기/3분기/사업보고서 금액은 누적일 수 있음. 분기값은 차감해서 계산
SK하이닉스,2021,2Q(반기),영업이익,"2,694,574,000,000",반기/3분기/사업보고서 금액은 누적일 수 있음. 분기값은 차감해서 계산
SK하이닉스,2021,3Q,매출액,"11,805,324,000,000",반기/3분기/사업보고서 금액은 누적일 수 있음. 분기값은 차감해서 계산
SK하이닉스,2021,3Q,영업이익,"4,171,821,000,000",반기/3분기/사업보고서 금액은 누적일 수 있음. 분기값은 차감해서 계산
SK하이닉스,2021,4Q(사업),매출액,"42,997,792,000,000",반기/3분기/사업보고서 금액은 누적일 수 있음. 분기값은 차감해서 계산
SK하이닉스,2021,4Q(사업),영업이익,"12,410,340,000,000",반기/3분기/사업보고서 금액은 누적일 수 있음. 분기값은 차감해서 계산
SK하이닉스,2022,1Q,매출액,"12,155,653,000,000",반기/3분기/사업보고서 금액은 누적일 수 있음. 분기값은 차감해서 계산
SK하이닉스,2022,1Q,영업이익,"2,859,615,000,000",반기/3분기/사업보고서 금액은 누적일 수 있음. 분기값은 차감해서 계산
SK하이닉스,2022,2Q(반기),매출액,"13,811,001,000,000",반기/3분기/사업보고서 금액은 누적일 수 있음. 분기값은 차감해서 계산
SK하이닉스,2022,2Q(반기),영업이익,"4,192,617,000,000",반기/3분기/사업보고서 금액은 누적일 수 있음. 분기값은 차감해서 계산
SK하이닉스,2022,3Q,매출액,"10,982,883,000,000",반기/3분기/사업보고서 금액은 누적일 수 있음. 분기값은 차감해서 계산
SK하이닉스,2022,3Q,영업이익,"1,655,560,000,000",반기/3분기/사업보고서 금액은 누적일 수 있음. 분기값은 차감해서 계산
SK하이닉스,2022,4Q(사업),매출액,"44,621,568,000,000",반기/3분기/사업보고서 금액은 누적일 수 있음. 분기값은 차감해서 계산
SK하이닉스,2022,4Q(사업),영업이익,"6,809,417,000,000",반기/3분기/사업보고서 금액은 누적일 수 있음. 분기값은 차감해서 계산
SK하이닉스,2023,1Q,매출액,"5,088,111,000,000",반기/3분기/사업보고서 금액은 누적일 수 있음. 분기값은 차감해서 계산
SK하이닉스,2023,1Q,영업이익,"-3,402,302,000,000",반기/3분기/사업보고서 금액은 누적일 수 있음. 분기값은 차감해서 계산
SK하이닉스,2023,2Q(반기),매출액,"7,305,933,000,000",반기/3분기/사업보고서 금액은 누적일 수 있음. 분기값은 차감해서 계산
SK하이닉스,2023,2Q(반기),영업이익,"-2,882,084,000,000",반기/3분기/사업보고서 금액은 누적일 수 있음. 분기값은 차감해서 계산
SK하이닉스,2023,3Q,매출액,"9,066,171,000,000",반기/3분기/사업보고서 금액은 누적일 수 있음. 분기값은 차감해서 계산
SK하이닉스,2023,3Q,영업이익,"-1,791,961,000,000",반기/3분기/사업보고서 금액은 누적일 수 있음. 분기값은 차감해서 계산
SK하이닉스,2023,4Q(사업),매출액,"32,765,719,000,000",반기/3분기/사업보고서 금액은 누적일 수 있음. 분기값은 차감해서 계산
SK하이닉스,2023,4Q(사업),영업이익,"-7,730,313,000,000",반기/3분기/사업보고서 금액은 누적일 수 있음. 분기값은 차감해서 계산
SK하이닉스,2024,1Q,매출액,"12,429,598,000,000",반기/3분기/사업보고서 금액은 누적일 수 있음. 분기값은 차감해서 계산
SK하이닉스,2024,1Q,영업이익,"2,886,029,000,000",반기/3분기/사업보고서 금액은 누적일 수 있음. 분기값은 차감해서 계산
SK하이닉스,2024,2Q(반기),매출액,"16,423,258,000,000",반기/3분기/사업보고서 금액은 누적일 수 있음. 분기값은 차감해서 계산
SK하이닉스,2024,2Q(반기),영업이익,"5,468,536,000,000",반기/3분기/사업보고서 금액은 누적일 수 있음. 분기값은 차감해서 계산
SK하이닉스,2024,3Q,매출액,"17,573,069,000,000",반기/3분기/사업보고서 금액은 누적일 수 있음. 분기값은 차감해서 계산
SK하이닉스,2024,3Q,영업이익,"7,029,958,000,000",반기/3분기/사업보고서 금액은 누적일 수 있음. 분기값은 차감해서 계산
SK하이닉스,2024,4Q(사업),매출액,"66,192,960,000,000",반기/3분기/사업보고서 금액은 누적일 수 있음. 분기값은 차감해서 계산
SK하이닉스,2024,4Q(사업),영업이익,"23,467,319,000,000",반기/3분기/사업보고서 금액은 누적일 수 있음. 분기값은 차감해서 계산
SK하이닉스,2025,1Q,매출액,"17,639,141,000,000",반기/3분기/사업보고서 금액은 누적일 수 있음. 분기값은 차감해서 계산
SK하이닉스,2025,1Q,영업이익,"7,440,504,000,000",반기/3분기/사업보고서 금액은 누적일 수 있음. 분기값은 차감해서 계산
SK하이닉스,2025,2Q(반기),매출액,"22,231,952,000,000",반기/3분기/사업보고서 금액은 누적일 수 있음. 분기값은 차감해서 계산
SK하이닉스,2025,2Q(반기),영업이익,"9,212,851,000,000",반기/3분기/사업보고서 금액은 누적일 수 있음. 분기값은 차감해서 계산
SK하이닉스,2025,3Q,매출액,"24,448,929,000,000",반기/3분기/사업보고서 금액은 누적일 수 있음. 분기값은 차감해서 계산
SK하이닉스,2025,3Q,영업이익,"11,383,390,000,000",반기/3분기/사업보고서 금액은 누적일 수 있음. 분기값은 차감해서 계산
SK하이닉스,2025,4Q(사업),매출액,"97,146,675,000,000",반기/3분기/사업보고서 금액은 누적일 수 있음. 분기값은 차감해서 계산
SK하이닉스,2025,4Q(사업),영업이익,"47,206,319,000,000",반기/3분기/사업보고서 금액은 누적일 수 있음. 분기값은 차감해서 계산
SK하이닉스,2026,1Q,매출액,"52,576,287,000,000",반기/3분기/사업보고서 금액은 누적일 수 있음. 분기값은 차감해서 계산
SK하이닉스,2026,1Q,영업이익,"37,610,283,000,000",반기/3분기/사업보고서 금액은 누적일 수 있음. 분기값은 차감해서 계산
SK하이닉스,2026,2Q(반기),매출액,"79,318,746,000,000",반기/3분기/사업보고서 금액은 누적일 수 있음. 분기값은 차감해서 계산
SK하이닉스,2026,2Q(반기),영업이익,"60,542,608,000,000",반기/3분기/사업보고서 금액은 누적일 수 있음. 분기값은 차감해서 계산
